8/6までの購入数,,,合計購入数,累積販売台数,残,累積販売台数,8/7以降の購入数,Wed Aug 07 2024 00:00:00 GMT+0900 (Japan Standard Time),Wed Aug 14 2024 00:00:00 GMT+0900 (Japan Standard Time),Wed Aug 21 2024 00:00:00 GMT+0900 (Japan Standard Time),返品修理,Wed Aug 28 2024 00:00:00 GMT+0900 (Japan Standard Time),Wed Sep 04 2024 00:00:00 GMT+0900 (Japan Standard Time),Wed Sep 11 2024 00:00:00 GMT+0900 (Japan Standard Time),Wed Sep 18 2024 00:00:00 GMT+0900 (Japan Standard Time),Wed Sep 25 2024 00:00:00 GMT+0900 (Japan Standard Time),Tue Oct 08 2024 00:00:00 GMT+0900 (Japan Standard Time),10/4福山→東京在庫移管,Wed Oct 16 2024 00:00:00 GMT+0900 (Japan Standard Time),Thu Oct 24 2024 00:00:00 GMT+0900 (Japan Standard Time),福山→東京,Wed Oct 30 2024 00:00:00 GMT+0900 (Japan Standard Time),Wed Nov 06 2024 00:00:00 GMT+0900 (Japan Standard Time),Tue Nov 19 2024 00:00:00 GMT+0900 (Japan Standard Time),Wed Nov 27 2024 00:00:00 GMT+0900 (Japan Standard Time),Tue Dec 10 2024 00:00:00 GMT+0900 (Japan Standard Time),Wed Dec 18 2024 00:00:00 GMT+0900 (Japan Standard Time),Tue Dec 24 2024 00:00:00 GMT+0900 (Japan Standard Time),Tue Dec 31 2024 00:00:00 GMT+0900 (Japan Standard Time),Thu Jan 09 2025 00:00:00 GMT+0900 (Japan Standard Time),Sun Jan 19 2025 00:00:00 GMT+0900 (Japan Standard Time),Wed Jan 22 2025 00:00:00 GMT+0900 (Japan Standard Time)
13,在庫数,グレー,65,57,8,グレー：57 イエロー：30 コーラル：34 ターコイズ：71 ブルー：13 ザシアン：20,52,0,5,2,1,1,15,2,3,11,4,-7,7,0,-10,4,3,5,8,3,-10,2,2,4,-8,5
12,,イエロー,40,30,10,,28,0,5,2,,4,13,4,4,0,1,-15,7,0,-15,0,3,3,3,5,0,2,1,4,-10,7
7,,コーラル,42,34,8,,35,3,0,2,1,3,6,1,0,3,2,,7,0,-8,1,0,3,5,5,0,0,4,0,-8,5
18,,ターコイズ,86,71,15,,68,0,6,2,,0,22,5,4,5,5,-12,13,0,-17,6,4,3,4,18,-10,4,4,2,-12,12
2,,ブルー,19,13,6,,17,2,0,0,,0,0,0,0,1,3,,0,0,,4,0,0,1,1,0,1,0,0,0,4
4,,ザシアン,24,20,4,,20,0,2,0,,0,3,0,4,3,0,,0,4,,4,0,,,0,0,0,0,0,0,0
56,,合計,276,225,51,,,,,,,,,,,,,,,,,,,,,,,,,,,
,,,,,,,,,,,,,,,,,,,,,,,,,,,,,,,,
,,セールスナンバー,品目,色・備考,個数,累積,梱包,箱・充電器,送り状,,,,,,,,,,,,,,,,,,,,,,,
toy net発送済み,,6850,スイッチライト,グレー,1,57 30 34 71 13 20,エンベロープ,なし,https://s3-ap-northeast-1.amazonaws.com/hirogete-data-user/label-data/6272/MERGE-1721259549872-yklgp846lh.pdf,,,,,,,,,,,,,,,,,,,,,,,
サンプル,東京から発送,6851,スイッチライト,,1,57 30 34 71 13 20,エンベロープ,なし,https://s3-ap-northeast-1.amazonaws.com/hirogete-data-user/label-data/6272/MERGE-1721342416504-542npl0sfqa.pdf,,,,,,,,,,,,,,,,,,,,,,,
発送済み,広島から発送,6869,スイッチライト,ターコイズ,1,57 30 34 71 13 20,エンベロープ,なし,https://s3-ap-northeast-1.amazonaws.com/hirogete-data-user/label-data/6272/MERGE-1721690624788-eo0929iq22o.pdf,,,,,,,,,,,,,,,,,,,,,,,
発送済み,広島から発送,6872,スイッチライト,グレー,1,57 30 34 71 13 20,エンベロープ,なし,https://s3-ap-northeast-1.amazonaws.com/hirogete-data-user/label-data/6272/MERGE-1721861661142-6tqvxekkkf5.pdf,,,,,,,,,,,,,,,,,,,,,,,
発送済み,広島から発送,6873,スイッチライト,グレー,1,57 30 34 71 13 20,エンベロープ,なし,https://s3-ap-northeast-1.amazonaws.com/hirogete-data-user/label-data/6272/MERGE-1721891501565-tdzbidbk9u.pdf,,,,,,,,,,,,,,,,,,,,,,,
発送済み,広島から発送,6878,スイッチライト,コーラル,1,57 30 34 71 13 20,エンベロープ,なし,https://s3-ap-northeast-1.amazonaws.com/hirogete-data-user/label-data/6272/MERGE-1722126469279-6xewqmte83w.pdf,,,,,,,,,,,,,,,,,,,,,,,
発送済み,広島から発送,6885,スイッチライト,イエロー,1,57 30 34 71 13 20,エンベロープ,なし,https://s3-ap-northeast-1.amazonaws.com/hirogete-data-user/label-data/6272/MERGE-1722295027650-3o6kfkopczj.pdf,,,,,,,,,,,,,,,,,,,,,,,
発送済み,広島から発送,6887,スイッチライト,ブルー,1,57 30 34 71 13 20,エンベロープ,なし,https://s3-ap-northeast-1.amazonaws.com/hirogete-data-user/label-data/6272/MERGE-1722380393840-y6gic36qikj.pdf,,,,,,,,,,,,,,,,,,,,,,,
発送済み,広島から発送,6889,スイッチライト,ザシアン,1,57 30 34 71 13 20,エンベロープ,なし,https://s3-ap-northeast-1.amazonaws.com/hirogete-data-user/label-data/6272/MERGE-1722380500266-bd76goihzzf.pdf,,,,,,,,,,,,,,,,,,,,,,,
発送済み,広島から発送,6890,スイッチライト,ターコイズ,1,57 30 34 71 13 20,エンベロープ,なし,https://s3-ap-northeast-1.amazonaws.com/hirogete-data-user/label-data/6272/MERGE-1722380758246-4nju5o6xx9q.pdf,,,,,,,,,,,,,,,,,,,,,,,
発送済み,広島から発送,6891,スイッチライト,グレー,1,57 30 34 71 13 20,エンベロープ,なし,https://s3-ap-northeast-1.amazonaws.com/hirogete-data-user/label-data/6272/MERGE-1722380612266-ot3vn2cgkx8.pdf,,,,,,,,,,,,,,,,,,,,,,,
発送済み,広島から発送,6892,スイッチライト,コーラル,1,57 30 34 71 13 20,エンベロープ,なし,https://s3-ap-northeast-1.amazonaws.com/hirogete-data-user/label-data/6272/MERGE-1722399016302-jerq3nsfhu.pdf,,,,,,,,,,,,,,,,,,,,,,,
発送済み,広島から発送,6893,スイッチライト,ターコイズ,1,57 30 34 71 13 20,エンベロープ,なし,https://s3-ap-northeast-1.amazonaws.com/hirogete-data-user/label-data/6272/MERGE-1722427427838-orrkx29pe1o.pdf,,,,,,,,,,,,,,,,,,,,,,,
発送済み,広島から発送,6894,スイッチライト,グレー,1,57 30 34 71 13 20,エンベロープ,なし,https://s3-ap-northeast-1.amazonaws.com/hirogete-data-user/label-data/6272/MERGE-1722467627829-wrkr2s3sezq.pdf,,,,,,,,,,,,,,,,,,,,,,,
発送済み,広島から発送,6898,スイッチライト,ザシアン,1,57 30 34 71 13 20,エンベロープ,なし,https://s3-ap-northeast-1.amazonaws.com/hirogete-data-user/label-data/6272/MERGE-1722472969565-oaljaejmgv.pdf,,,,,,,,,,,,,,,,,,,,,,,
発送済み,広島から発送,6899,スイッチライト,ターコイズ,1,57 30 34 71 13 20,エンベロープ,なし,https://s3-ap-northeast-1.amazonaws.com/hirogete-data-user/label-data/6272/MERGE-1722556203879-4lcy23lr5rg.pdf,,,,,,,,,,,,,,,,,,,,,,,
発送済み,広島から発送,6900,スイッチライト,グレー,1,57 30 34 71 13 20,エンベロープ,なし,https://s3-ap-northeast-1.amazonaws.com/hirogete-data-user/label-data/6272/MERGE-1722556333810-rgycr91r2p.pdf,,,,,,,,,,,,,,,,,,,,,,,
発送済み,広島から発送,6901,スイッチライト,ザシアン,1,57 30 34 71 13 20,エンベロープ,なし,https://s3-ap-northeast-1.amazonaws.com/hirogete-data-user/label-data/6272/MERGE-1722556452284-jilfvlijhxj.pdf,,,,,,,,,,,,,,,,,,,,,,,
発送済み,広島から発送,6903,スイッチライト,グレー,1,57 30 34 71 13 20,エンベロープ,なし,https://s3-ap-northeast-1.amazonaws.com/hirogete-data-user/label-data/6272/MERGE-1722556595473-jblq6vty1gk.pdf,,,,,,,,,,,,,,,,,,,,,,,
発送済み,広島から発送,6904,スイッチライト,イエロー,1,57 30 34 71 13 20,エンベロープ,なし,https://s3-ap-northeast-1.amazonaws.com/hirogete-data-user/label-data/6272/MERGE-1722559410967-5el528in77c.pdf,,,,,,,,,,,,,,,,,,,,,,,
発送済み,広島から発送,6909,スイッチライト,ターコイズ,1,57 30 34 71 13 20,エンベロープ,なし,https://s3-ap-northeast-1.amazonaws.com/hirogete-data-user/label-data/6272/MERGE-1722815925677-5baebl198x6.pdf,,,,,,,,,,,,,,,,,,,,,,,
発送済み,広島から発送,6910,スイッチライト,ザシアン,1,57 30 34 71 13 20,エンベロープ,なし,https://s3-ap-northeast-1.amazonaws.com/hirogete-data-user/label-data/6272/MERGE-1722816041587-qpc683cl088.pdf,,,,,,,,,,,,,,,,,,,,,,,
発送済み,広島から発送,6914,スイッチライト,コーラル,1,57 30 34 71 13 20,エンベロープ,なし,https://s3-ap-northeast-1.amazonaws.com/hirogete-data-user/label-data/6272/MERGE-1722816180999-868bcoix3a2.pdf,,,,,,,,,,,,,,,,,,,,,,,
発送済み,広島から発送,6915,スイッチライト,イエロー,1,57 30 34 71 13 20,エンベロープ,なし,https://s3-ap-northeast-1.amazonaws.com/hirogete-data-user/label-data/6272/MERGE-1722816286634-iyaq2ofyma8.pdf,,,,,,,,,,,,,,,,,,,,,,,
発送済み,広島から発送,6916,スイッチライト,ターコイズ,1,57 30 34 71 13 20,エンベロープ,なし,https://s3-ap-northeast-1.amazonaws.com/hirogete-data-user/label-data/6272/MERGE-1722816399352-e7vlucwnvgp.pdf,,,,,,,,,,,,,,,,,,,,,,,
発送済み,広島から発送,6917,スイッチライト,コーラル,1,57 30 34 71 13 20,エンベロープ,なし,https://s3-ap-northeast-1.amazonaws.com/hirogete-data-user/label-data/6272/MERGE-1722816482326-efndtmsdx0k.pdf,,,,,,,,,,,,,,,,,,,,,,,
発送済み,広島から発送,6918,スイッチライト,ターコイズ,1,57 30 34 71 13 20,エンベロープ,なし,https://s3-ap-northeast-1.amazonaws.com/hirogete-data-user/label-data/6272/MERGE-1722816575022-xa1b2l3lejp.pdf,,,,,,,,,,,,,,,,,,,,,,,
発送済み,広島から発送,6919,スイッチライト,コーラル,1,57 30 34 71 13 20,エンベロープ,なし,https://s3-ap-northeast-1.amazonaws.com/hirogete-data-user/label-data/6272/MERGE-1722816660252-hyw0fcnt30j.pdf,,,,,,,,,,,,,,,,,,,,,,,
発送済み,広島から発送,6920,スイッチライト,コーラル,1,57 30 34 71 13 20,エンベロープ,なし,https://s3-ap-northeast-1.amazonaws.com/hirogete-data-user/label-data/6272/MERGE-1722816738915-1w1bu40nqc7.pdf,,,,,,,,,,,,,,,,,,,,,,,
発送済み,広島から発送,6921,スイッチライト,グレー,1,57 30 34 71 13 20,エンベロープ,なし,https://s3-ap-northeast-1.amazonaws.com/hirogete-data-user/label-data/6272/MERGE-1722903494683-vlb90e2cwg.pdf,,,,,,,,,,,,,,,,,,,,,,,
発送済み,広島から発送,6922,スイッチライト,イエロー,1,57 30 34 71 13 20,エンベロープ,なし,https://s3-ap-northeast-1.amazonaws.com/hirogete-data-user/label-data/6272/MERGE-1722903617252-wcc25meeyu.pdf,,,,,,,,,,,,,,,,,,,,,,,
発送済み,広島から発送,6924,スイッチライト,グレー,1,57 30 34 71 13 20,エンベロープ,なし,https://s3-ap-northeast-1.amazonaws.com/hirogete-data-user/label-data/6272/MERGE-1722903710095-fass6qo3hlu.pdf,,,,,,,,,,,,,,,,,,,,,,,
発送済み,広島から発送,6925,スイッチライト,ターコイズ,1,57 30 34 71 13 20,エンベロープ,なし,https://s3-ap-northeast-1.amazonaws.com/hirogete-data-user/label-data/6272/MERGE-1722986879738-7xb0lctl4t5.pdf,,,,,,,,,,,,,,,,,,,,,,,
発送済み,広島から発送,6927,スイッチライト,ターコイズ,1,57 30 34 71 13 20,エンベロープ,なし,https://s3-ap-northeast-1.amazonaws.com/hirogete-data-user/label-data/6272/MERGE-1722986964449-bfar6ketjt.pdf,,,,,,,,,,,,,,,,,,,,,,,
発送済み,広島から発送,6928,スイッチライト,ターコイズ,1,57 30 34 71 13 20,エンベロープ,なし,https://s3-ap-northeast-1.amazonaws.com/hirogete-data-user/label-data/6272/MERGE-1723075888508-3asic4q0n7.pdf,,,,,,,,,,,,,,,,,,,,,,,
発送済み,広島から発送,6931,スイッチライト,イエロー,1,57 30 34 71 13 20,エンベロープ,なし,https://s3-ap-northeast-1.amazonaws.com/hirogete-data-user/label-data/6272/MERGE-1723076025430-nrtpkhujl7.pdf,,,,,,,,,,,,,,,,,,,,,,,
発送済み,広島から発送,6933,スイッチライト,コーラル,1,57 30 34 71 13 20,エンベロープ,なし,https://s3-ap-northeast-1.amazonaws.com/hirogete-data-user/label-data/6272/MERGE-1723163387054-twy0i2tfvkl.pdf,,,,,,,,,,,,,,,,,,,,,,,
発送済み,広島から発送,6938,スイッチライト,グレー,1,57 30 34 71 13 20,エンベロープ,なし,https://s3-ap-northeast-1.amazonaws.com/hirogete-data-user/label-data/6272/MERGE-1723436868989-59t0c3y1892.pdf,,,,,,,,,,,,,,,,,,,,,,,
発送済み,広島から発送,6939,スイッチライト,グレー,1,57 30 34 71 13 20,エンベロープ,なし,https://s3-ap-northeast-1.amazonaws.com/hirogete-data-user/label-data/6272/MERGE-1723436949957-dqp6feevl6b.pdf,,,,,,,,,,,,,,,,,,,,,,,
発送済み,広島から発送,6940,スイッチライト,コーラル,1,57 30 34 71 13 20,エンベロープ,なし,https://s3-ap-northeast-1.amazonaws.com/hirogete-data-user/label-data/6272/MERGE-1723437037301-dszi94b9dxi.pdf,,,,,,,,,,,,,,,,,,,,,,,
発送済み,広島から発送,6941,スイッチライト,グレー,1,57 30 34 71 13 20,エンベロープ,なし,https://s3-ap-northeast-1.amazonaws.com/hirogete-data-user/label-data/6272/MERGE-1723437109419-bturn8zjzh5.pdf,,,,,,,,,,,,,,,,,,,,,,,
発送済み,広島から発送,6942,スイッチライト,ターコイズ,1,57 30 34 71 13 20,エンベロープ,なし,https://s3-ap-northeast-1.amazonaws.com/hirogete-data-user/label-data/6272/MERGE-1723437190999-x1o9gc2qsrg.pdf,,,,,,,,,,,,,,,,,,,,,,,
発送済み,広島から発送,6947,スイッチライト,グレー,1,57 30 34 71 13 20,エンベロープ,なし,https://s3-ap-northeast-1.amazonaws.com/hirogete-data-user/label-data/6272/MERGE-1723509171100-j9clqelsqqq.pdf,,,,,,,,,,,,,,,,,,,,,,,
発送済み,広島から発送,6949,スイッチライト,イエロー,1,57 30 34 71 13 20,エンベロープ,なし,https://s3-ap-northeast-1.amazonaws.com/hirogete-data-user/label-data/6272/MERGE-1723509278663-c2eht6rgux9.pdf,,,,,,,,,,,,,,,,,,,,,,,
発送済み,広島から発送,6953,スイッチライト,コーラル,1,57 30 34 71 13 20,エンベロープ,なし,https://s3-ap-northeast-1.amazonaws.com/hirogete-data-user/label-data/6272/MERGE-1723595747815-vvuko6rmahc.pdf,,,,,,,,,,,,,,,,,,,,,,,
発送済み,広島から発送,6958,スイッチライト,グレー,1,57 30 34 71 13 20,エンベロープ,なし,https://s3-ap-northeast-1.amazonaws.com/hirogete-data-user/label-data/6272/MERGE-1723682072965-ht9ks8hmny.pdf,,,,,,,,,,,,,,,,,,,,,,,
発送済み,広島から発送,6960,スイッチライト,グレー,1,57 30 34 71 13 20,エンベロープ,なし,https://s3-ap-northeast-1.amazonaws.com/hirogete-data-user/label-data/6272/MERGE-1723767946480-e5q871b89un.pdf,,,,,,,,,,,,,,,,,,,,,,,
発送済み,広島から発送,6961,スイッチライト,イエロー,1,57 30 34 71 13 20,エンベロープ,なし,https://s3-ap-northeast-1.amazonaws.com/hirogete-data-user/label-data/6272/MERGE-1723768066916-3aigxadcb83.pdf,,,,,,,,,,,,,,,,,,,,,,,
発送済み,広島から発送,6964,スイッチライト,グレー,1,57 30 34 71 13 20,エンベロープ,なし,https://s3-ap-northeast-1.amazonaws.com/hirogete-data-user/label-data/6272/MERGE-1723768951317-nscu6glqjv.pdf,,,,,,,,,,,,,,,,,,,,,,,
,東京から発送,6981,スイッチライト,,1,57 30 34 71 13 20,エンベロープ,なし,https://s3-ap-northeast-1.amazonaws.com/hirogete-data-user/label-data/6272/MERGE-1724021443339-j83u32v760c.pdf,,,,,,,,,,,,,,,,,,,,,,,
発送済み,広島から発送,6988,スイッチライト,ターコイズ,1,57 30 34 71 13 20,エンベロープ,なし,https://s3-ap-northeast-1.amazonaws.com/hirogete-data-user/label-data/6272/MERGE-1724114098718-fpswd5j1x2f.pdf,,,,,,,,,,,,,,,,,,,,,,,
発送済み,広島から発送,6989,スイッチライト,ザシアン,1,57 30 34 71 13 20,エンベロープ,なし,https://s3-ap-northeast-1.amazonaws.com/hirogete-data-user/label-data/6272/MERGE-1724200785352-g8lnx3l9on.pdf,,,,,,,,,,,,,,,,,,,,,,,
発送済み,広島から発送,6992,スイッチライト,ブルー,1,57 30 34 71 13 20,エンベロープ,なし,https://s3-ap-northeast-1.amazonaws.com/hirogete-data-user/label-data/6272/MERGE-1724285950656-78zsuk4y48v.pdf,,,,,,,,,,,,,,,,,,,,,,,
発送済み,広島から発送,6994,スイッチライト,ブルー,1,57 30 34 71 13 20,エンベロープ,なし,https://s3-ap-northeast-1.amazonaws.com/hirogete-data-user/label-data/6272/MERGE-1724286281753-9echveynz6a.pdf,,,,,,,,,,,,,,,,,,,,,,,
発送済み,広島から発送,6995,スイッチライト,ターコイズ,1,57 30 34 71 13 20,エンベロープ,なし,https://s3-ap-northeast-1.amazonaws.com/hirogete-data-user/label-data/6272/MERGE-1724286388379-o8sy198es7.pdf,,,,,,,,,,,,,,,,,,,,,,,
発送済み,広島から発送,6998,スイッチライト,ザシアン,1,57 30 34 71 13 20,エンベロープ,なし,https://s3-ap-northeast-1.amazonaws.com/hirogete-data-user/label-data/6272/MERGE-1724286526122-31t8hyce9us.pdf,,,,,,,,,,,,,,,,,,,,,,,
発送済み,広島から発送,6999,スイッチライト,ターコイズ,1,57 30 34 71 13 20,エンベロープ,なし,https://s3-ap-northeast-1.amazonaws.com/hirogete-data-user/label-data/6272/MERGE-1724287844632-9d4f7ld60tt.pdf,,,,,,,,,,,,,,,,,,,,,,,
発送済み,広島から発送,7001,スイッチライト,グレー,1,57 30 34 71 13 20,エンベロープ,なし,https://s3-ap-northeast-1.amazonaws.com/hirogete-data-user/label-data/6272/MERGE-1724373588439-6r3rx5caqw.pdf,,,,,,,,,,,,,,,,,,,,,,,
発送済み,広島から発送,7004,スイッチライト,グレー,1,57 30 34 71 13 20,エンベロープ,なし,https://s3-ap-northeast-1.amazonaws.com/hirogete-data-user/label-data/6272/MERGE-1724631271258-iwowzblkjmp.pdf,,,,,,,,,,,,,,,,,,,,,,,
発送済み,広島から発送,7005,スイッチライト,グレー,1,57 30 34 71 13 20,エンベロープ,なし,https://s3-ap-northeast-1.amazonaws.com/hirogete-data-user/label-data/6272/MERGE-1724631369566-ubo59rz869.pdf,,,,,,,,,,,,,,,,,,,,,,,
発送済み,広島から発送,7006,スイッチライト,ターコイズ,1,57 30 34 71 13 20,エンベロープ,なし,https://s3-ap-northeast-1.amazonaws.com/hirogete-data-user/label-data/6272/MERGE-1724631582189-cy51o6wq69n.pdf,,,,,,,,,,,,,,,,,,,,,,,
発送済み,広島から発送,7013,スイッチライト,グレー,1,57 30 34 71 13 20,エンベロープ,なし,https://s3-ap-northeast-1.amazonaws.com/hirogete-data-user/label-data/6272/MERGE-1724631774741-qburfmu7my.pdf,,,,,,,,,,,,,,,,,,,,,,,
発送済み,広島から発送,7014,スイッチライト,イエロー,1,57 30 34 71 13 20,エンベロープ,なし,https://s3-ap-northeast-1.amazonaws.com/hirogete-data-user/label-data/6272/MERGE-1724718798048-79ypf04pjus.pdf,,,,,,,,,,,,,,,,,,,,,,,
発送済み,広島から発送,7017,スイッチライト,コーラル,1,57 30 34 71 13 20,エンベロープ,なし,https://s3-ap-northeast-1.amazonaws.com/hirogete-data-user/label-data/6272/MERGE-1724718875813-zookyvex7wf.pdf,,,,,,,,,,,,,,,,,,,,,,,
発送済み,広島から発送,7021,スイッチライト,コーラル,1,57 30 34 71 13 20,エンベロープ,なし,https://s3-ap-northeast-1.amazonaws.com/hirogete-data-user/label-data/6272/MERGE-1724891853443-pmxs85dnvd.pdf,,,,,,,,,,,,,,,,,,,,,,,
発送済み,広島から発送,7023,スイッチライト,ターコイズ,1,57 30 34 71 13 20,エンベロープ,なし,https://s3-ap-northeast-1.amazonaws.com/hirogete-data-user/label-data/6272/MERGE-1724891979521-a7mrgws3ust.pdf,,,,,,,,,,,,,,,,,,,,,,,
発送済み,広島から発送,7033,スイッチライト,グレー,1,57 30 34 71 13 20,エンベロープ,なし,https://s3-ap-northeast-1.amazonaws.com/hirogete-data-user/label-data/6272/MERGE-1725237155449-yesy5gtjsim.pdf,,,,,,,,,,,,,,,,,,,,,,,
発送済み,広島から発送,7034,スイッチライト,ターコイズ,1,57 30 34 71 13 20,エンベロープ,なし,https://s3-ap-northeast-1.amazonaws.com/hirogete-data-user/label-data/6272/MERGE-1725237229623-tu7u7wkbi8.pdf,,,,,,,,,,,,,,,,,,,,,,,
発送済み,広島から発送,7035,スイッチライト,ターコイズ,1,57 30 34 71 13 20,エンベロープ,なし,https://s3-ap-northeast-1.amazonaws.com/hirogete-data-user/label-data/6272/MERGE-1725237321545-83wemkq3lb5.pdf,,,,,,,,,,,,,,,,,,,,,,,
発送済み,広島から発送,7040,スイッチライト,グレー,1,57 30 34 71 13 20,エンベロープ,なし,https://s3-ap-northeast-1.amazonaws.com/hirogete-data-user/label-data/6272/MERGE-1725237395519-o2vj8d3w8lr.pdf,,,,,,,,,,,,,,,,,,,,,,,
発送済み,広島から発送,7041,スイッチライト,イエロー,1,57 30 34 71 13 20,エンベロープ,なし,https://s3-ap-northeast-1.amazonaws.com/hirogete-data-user/label-data/6272/MERGE-1725237482578-clqnpmx5knj.pdf,,,,,,,,,,,,,,,,,,,,,,,
発送済み,広島から発送,7042,スイッチライト,イエロー,1,57 30 34 71 13 20,エンベロープ,なし,https://s3-ap-northeast-1.amazonaws.com/hirogete-data-user/label-data/6272/MERGE-1725237567153-2tj6a46juiv.pdf,,,,,,,,,,,,,,,,,,,,,,,
発送済み,広島から発送,7050,スイッチライト,ターコイズ,1,57 30 34 71 13 20,エンベロープ,なし,https://s3-ap-northeast-1.amazonaws.com/hirogete-data-user/label-data/6272/MERGE-1725324173984-f6kh2w6qril.pdf,,,,,,,,,,,,,,,,,,,,,,,
発送済み,広島から発送,7051,スイッチライト,コーラル,1,57 30 34 71 13 20,エンベロープ,なし,https://s3-ap-northeast-1.amazonaws.com/hirogete-data-user/label-data/6272/MERGE-1725324304246-e6b1ydkm7ao.pdf,,,,,,,,,,,,,,,,,,,,,,,
発送済み,広島から発送,7055,スイッチライト,コーラル,1,57 30 34 71 13 20,エンベロープ,なし,https://s3-ap-northeast-1.amazonaws.com/hirogete-data-user/label-data/6272/MERGE-1725410593885-6xix4hwlh9r.pdf,,,,,,,,,,,,,,,,,,,,,,,
発送済み,広島から発送,7058,スイッチライト,コーラル,1,57 30 34 71 13 20,エンベロープ,なし,https://s3-ap-northeast-1.amazonaws.com/hirogete-data-user/label-data/6272/MERGE-1725496514378-pz84ub4wdhh.pdf,,,,,,,,,,,,,,,,,,,,,,,
発送済み,広島から発送,7060,スイッチライト,ターコイズ,1,57 30 34 71 13 20,エンベロープ,なし,https://s3-ap-northeast-1.amazonaws.com/hirogete-data-user/label-data/6272/MERGE-1725581741671-z6my3b6uyv.pdf,,,,,,,,,,,,,,,,,,,,,,,
発送済み,広島から発送,7064,スイッチライト,イエロー,1,57 30 34 71 13 20,エンベロープ,なし,https://s3-ap-northeast-1.amazonaws.com/hirogete-data-user/label-data/6272/MERGE-1725843339889-6ntmm8odctr.pdf,,,,,,,,,,,,,,,,,,,,,,,
発送済み,広島から発送,7066,スイッチライト,ザシアン,1,57 30 34 71 13 20,エンベロープ,なし,https://s3-ap-northeast-1.amazonaws.com/hirogete-data-user/label-data/6272/MERGE-1725843412430-n9w8ydec7y.pdf,,,,,,,,,,,,,,,,,,,,,,,
発送済み,広島から発送,7068,スイッチライト,ターコイズ,1,57 30 34 71 13 20,エンベロープ,なし,https://s3-ap-northeast-1.amazonaws.com/hirogete-data-user/label-data/6272/MERGE-1725843488295-llyj90s4xin.pdf,,,,,,,,,,,,,,,,,,,,,,,
発送済み,広島から発送,7069,スイッチライト,ザシアン,1,57 30 34 71 13 20,エンベロープ,なし,https://s3-ap-northeast-1.amazonaws.com/hirogete-data-user/label-data/6272/MERGE-1725843549574-y6s4qh8h4qr.pdf,,,,,,,,,,,,,,,,,,,,,,,
発送済み,広島から発送,7070,スイッチライト,ターコイズ,1,57 30 34 71 13 20,エンベロープ,なし,https://s3-ap-northeast-1.amazonaws.com/hirogete-data-user/label-data/6272/MERGE-1725843611393-hp0zsvi1ppk.pdf,,,,,,,,,,,,,,,,,,,,,,,
発送済み,広島から発送,7077,スイッチライト,ターコイズ,1,57 30 34 71 13 20,エンベロープ,なし,https://s3-ap-northeast-1.amazonaws.com/hirogete-data-user/label-data/6272/MERGE-1725929485849-j6rtaosy9l.pdf,,,,,,,,,,,,,,,,,,,,,,,
発送済み,広島から発送,7080,スイッチライト,グレー,1,57 30 34 71 13 20,エンベロープ,なし,https://s3-ap-northeast-1.amazonaws.com/hirogete-data-user/label-data/6272/MERGE-1726015838207-p8rs3c7m22d.pdf,,,,,,,,,,,,,,,,,,,,,,,
発送済み,広島から発送,7095,スイッチライト,ブルー,1,57 30 34 71 13 20,エンベロープ,なし,https://s3-ap-northeast-1.amazonaws.com/hirogete-data-user/label-data/6272/MERGE-1726186946436-zvx7k3jotwh.pdf,,,,,,,,,,,,,,,,,,,,,,,
発送済み,広島から発送,7096,スイッチライト,ターコイズ,1,57 30 34 71 13 20,エンベロープ,なし,https://s3-ap-northeast-1.amazonaws.com/hirogete-data-user/label-data/6272/MERGE-1726187032597-2l4yhdwmxfc.pdf,,,,,,,,,,,,,,,,,,,,,,,
発送済み,広島から発送,7097,スイッチライト,グレー,1,57 30 34 71 13 20,エンベロープ,なし,https://s3-ap-northeast-1.amazonaws.com/hirogete-data-user/label-data/6272/MERGE-1726187120652-f6c2lelpava.pdf,,,,,,,,,,,,,,,,,,,,,,,
発送済み,広島から発送,7098,スイッチライト,コーラル,1,57 30 34 71 13 20,エンベロープ,なし,https://s3-ap-northeast-1.amazonaws.com/hirogete-data-user/label-data/6272/MERGE-1726187196541-xqyw5l9fm9h.pdf,,,,,,,,,,,,,,,,,,,,,,,
発送済み,広島から発送,7099,スイッチライト,グレー,1,57 30 34 71 13 20,エンベロープ,なし,https://s3-ap-northeast-1.amazonaws.com/hirogete-data-user/label-data/6272/MERGE-1726187332357-40iddrzhmog.pdf,,,,,,,,,,,,,,,,,,,,,,,
発送済み,広島から発送,7102,スイッチライト,コーラル,1,57 30 34 71 13 20,エンベロープ,なし,https://s3-ap-northeast-1.amazonaws.com/hirogete-data-user/label-data/6272/MERGE-1726187414646-w93go6qb8ug.pdf,,,,,,,,,,,,,,,,,,,,,,,
発送済み,広島から発送,7116,スイッチライト,ターコイズ,1,57 30 34 71 13 20,エンベロープ,なし,https://s3-ap-northeast-1.amazonaws.com/hirogete-data-user/label-data/6272/MERGE-1726533543279-oy195e533y.pdf,,,,,,,,,,,,,,,,,,,,,,,
発送済み,広島から発送,7117,スイッチライト,イエロー,1,57 30 34 71 13 20,エンベロープ,なし,https://s3-ap-northeast-1.amazonaws.com/hirogete-data-user/label-data/6272/MERGE-1726533751978-di11r581syj.pdf,,,,,,,,,,,,,,,,,,,,,,,
発送済み,広島から発送,7125,スイッチライト,ザシアン,1,57 30 34 71 13 20,エンベロープ,なし,https://s3-ap-northeast-1.amazonaws.com/hirogete-data-user/label-data/6272/MERGE-1726533880505-1jtx0qqhsge.pdf,,,,,,,,,,,,,,,,,,,,,,,
発送済み,広島から発送,7129,スイッチライト,グレー,1,57 30 34 71 13 20,エンベロープ,なし,https://s3-ap-northeast-1.amazonaws.com/hirogete-data-user/label-data/6272/MERGE-1726707186005-qr08t03a7qi.pdf,,,,,,,,,,,,,,,,,,,,,,,
発送済み,広島から発送,7139,スイッチライト,コーラル,1,57 30 34 71 13 20,エンベロープ,なし,https://s3-ap-northeast-1.amazonaws.com/hirogete-data-user/label-data/6272/MERGE-1726793837718-qohb2gsytv.pdf,,,,,,,,,,,,,,,,,,,,,,,
発送済み,広島から発送,7144,スイッチライト,ターコイズ,1,57 30 34 71 13 20,エンベロープ,なし,https://s3-ap-northeast-1.amazonaws.com/hirogete-data-user/label-data/6272/MERGE-1727136336732-9oojoukvkse.pdf,,,,,,,,,,,,,,,,,,,,,,,
発送済み,広島から発送,7145,スイッチライト,ザシアン,1,57 30 34 71 13 20,エンベロープ,なし,https://s3-ap-northeast-1.amazonaws.com/hirogete-data-user/label-data/6272/MERGE-1727136430010-dg9x7xhw6e8.pdf,,,,,,,,,,,,,,,,,,,,,,,
発送済み,広島から発送,7146,スイッチライト,ターコイズ,1,57 30 34 71 13 20,エンベロープ,なし,https://s3-ap-northeast-1.amazonaws.com/hirogete-data-user/label-data/6272/MERGE-1727136590692-jjwtqxsh86.pdf,,,,,,,,,,,,,,,,,,,,,,,
発送済み,広島から発送,7147,スイッチライト,ターコイズ,1,57 30 34 71 13 20,エンベロープ,なし,https://s3-ap-northeast-1.amazonaws.com/hirogete-data-user/label-data/6272/MERGE-1727136691387-vtrij9ohoyl.pdf,,,,,,,,,,,,,,,,,,,,,,,
発送済み,広島から発送,7149,スイッチライト,グレー,1,57 30 34 71 13 20,エンベロープ,なし,https://s3-ap-northeast-1.amazonaws.com/hirogete-data-user/label-data/6272/MERGE-1727137303580-hfpn9bipjeh.pdf,,,,,,,,,,,,,,,,,,,,,,,
発送済み,広島から発送,7151,スイッチライト,コーラル,1,57 30 34 71 13 20,エンベロープ,なし,https://s3-ap-northeast-1.amazonaws.com/hirogete-data-user/label-data/6272/MERGE-1727137752818-o5xh58kymud.pdf,,,,,,,,,,,,,,,,,,,,,,,
発送済み,広島から発送,7152,スイッチライト,グレー,1,57 30 34 71 13 20,エンベロープ,なし,https://s3-ap-northeast-1.amazonaws.com/hirogete-data-user/label-data/6272/MERGE-1727138368520-yyc08lv1qt.pdf,,,,,,,,,,,,,,,,,,,,,,,
発送済み,広島から発送,7153,スイッチライト,グレー,1,57 30 34 71 13 20,エンベロープ,なし,https://s3-ap-northeast-1.amazonaws.com/hirogete-data-user/label-data/6272/MERGE-1727138728946-891sey0yfkn.pdf,,,,,,,,,,,,,,,,,,,,,,,
発送済み,広島から発送,7155,スイッチライト,コーラル,1,57 30 34 71 13 20,エンベロープ,なし,https://s3-ap-northeast-1.amazonaws.com/hirogete-data-user/label-data/6272/MERGE-1727138874772-6p7a6xwse3x.pdf,,,,,,,,,,,,,,,,,,,,,,,
発送済み,広島から発送,7156,スイッチライト,ザシアン,1,57 30 34 71 13 20,エンベロープ,なし,https://s3-ap-northeast-1.amazonaws.com/hirogete-data-user/label-data/6272/MERGE-1727224517033-t5v2aqa7q7g.pdf,,,,,,,,,,,,,,,,,,,,,,,
発送済み,広島から発送,7158,スイッチライト,ターコイズ,1,57 30 34 71 13 20,エンベロープ,なし,https://s3-ap-northeast-1.amazonaws.com/hirogete-data-user/label-data/6272/MERGE-1727224740604-6cs438zvn22.pdf,,,,,,,,,,,,,,,,,,,,,,,
発送済み,広島から発送,7161,スイッチライト,ターコイズ,1,57 30 34 71 13 20,エンベロープ,なし,https://s3-ap-northeast-1.amazonaws.com/hirogete-data-user/label-data/6272/MERGE-1727398288665-nadg6fbp5m.pdf,,,,,,,,,,,,,,,,,,,,,,,
発送済み,広島から発送,7166,スイッチライト,ターコイズ,1,57 30 34 71 13 20,エンベロープ,なし,https://s3-ap-northeast-1.amazonaws.com/hirogete-data-user/label-data/6272/MERGE-1727655960020-6i1z9dr1opa.pdf,,,,,,,,,,,,,,,,,,,,,,,
発送済み,広島から発送,7168,スイッチライト,グレー,1,57 30 34 71 13 20,エンベロープ,なし,https://s3-ap-northeast-1.amazonaws.com/hirogete-data-user/label-data/6272/MERGE-1727656035563-fdpze618cg7.pdf,,,,,,,,,,,,,,,,,,,,,,,
発送済み,広島から発送,7169,スイッチライト,グレー,1,57 30 34 71 13 20,エンベロープ,なし,https://s3-ap-northeast-1.amazonaws.com/hirogete-data-user/label-data/6272/MERGE-1727656142569-3bu71ycipoy.pdf,,,,,,,,,,,,,,,,,,,,,,,
発送済み,広島から発送,7173,スイッチライト,グレー,1,57 30 34 71 13 20,エンベロープ,なし,https://s3-ap-northeast-1.amazonaws.com/hirogete-data-user/label-data/6272/MERGE-1727656293516-5ac58bjwgq.pdf,,,,,,,,,,,,,,,,,,,,,,,
発送済み,広島から発送,7174,スイッチライト,ターコイズ,1,57 30 34 71 13 20,エンベロープ,なし,https://s3-ap-northeast-1.amazonaws.com/hirogete-data-user/label-data/6272/MERGE-1727742106089-jv5wi53vsma.pdf,,,,,,,,,,,,,,,,,,,,,,,
発送済み,広島から発送,7175,スイッチライト,ターコイズ,1,57 30 34 71 13 20,エンベロープ,なし,https://s3-ap-northeast-1.amazonaws.com/hirogete-data-user/label-data/6272/MERGE-1727742931332-bhl115r8yic.pdf,,,,,,,,,,,,,,,,,,,,,,,
発送済み,広島から発送,7177,スイッチライト,グレー,1,57 30 34 71 13 20,エンベロープ,なし,https://s3-ap-northeast-1.amazonaws.com/hirogete-data-user/label-data/6272/MERGE-1727829855107-k7p8nlddjv.pdf,,,,,,,,,,,,,,,,,,,,,,,
発送済み,広島から発送,7180,スイッチライト,グレー,1,57 30 34 71 13 20,エンベロープ,なし,https://s3-ap-northeast-1.amazonaws.com/hirogete-data-user/label-data/6272/MERGE-1727916515887-aytoq1ckly9.pdf,,,,,,,,,,,,,,,,,,,,,,,
発送済み,広島から発送,7183,スイッチライト,ターコイズ,1,57 30 34 71 13 20,エンベロープ,なし,https://s3-ap-northeast-1.amazonaws.com/hirogete-data-user/label-data/6272/MERGE-1728261714049-z54g3er6tc.pdf,,,,,,,,,,,,,,,,,,,,,,,
発送済み,広島から発送,7185,スイッチライト,ターコイズ,1,57 30 34 71 13 20,エンベロープ,なし,https://s3-ap-northeast-1.amazonaws.com/hirogete-data-user/label-data/6272/MERGE-1728261838283-96mlttkkez.pdf,,,,,,,,,,,,,,,,,,,,,,,
発送済み,広島から発送,7191,スイッチライト,イエロー,1,57 30 34 71 13 20,エンベロープ,なし,https://s3-ap-northeast-1.amazonaws.com/hirogete-data-user/label-data/6272/MERGE-1728261944524-k6c5uvldycg.pdf,,,,,,,,,,,,,,,,,,,,,,,
発送済み,広島から発送,7192,スイッチライト,ブルー,1,57 30 34 71 13 20,エンベロープ,なし,https://s3-ap-northeast-1.amazonaws.com/hirogete-data-user/label-data/6272/MERGE-1728262023996-zflude60aoe.pdf,,,,,,,,,,,,,,,,,,,,,,,
発送済み,広島から発送,7194,スイッチライト,グレー,1,57 30 34 71 13 20,エンベロープ,なし,https://s3-ap-northeast-1.amazonaws.com/hirogete-data-user/label-data/6272/MERGE-1728348317571-vom244op41.pdf,,,,,,,,,,,,,,,,,,,,,,,
発送済み,広島から発送,7200,スイッチライト,ターコイズ,1,57 30 34 71 13 20,エンベロープ,なし,https://s3-ap-northeast-1.amazonaws.com/hirogete-data-user/label-data/6272/MERGE-1728607674860-zodj0nnbatn.pdf,,,,,,,,,,,,,,,,,,,,,,,
発送済み,広島から発送,7207,スイッチライト,イエロー,1,57 30 34 71 13 20,エンベロープ,なし,https://s3-ap-northeast-1.amazonaws.com/hirogete-data-user/label-data/6272/MERGE-1728950968014-gm4gweqcu8r.pdf,,,,,,,,,,,,,,,,,,,,,,,
発送済み,広島から発送,7208,スイッチライト,コーラル,1,57 30 34 71 13 20,エンベロープ,なし,https://s3-ap-northeast-1.amazonaws.com/hirogete-data-user/label-data/6272/MERGE-1728951049238-cstss360dx5.pdf,,,,,,,,,,,,,,,,,,,,,,,
発送済み,広島から発送,7209,スイッチライト,ターコイズ,1,57 30 34 71 13 20,エンベロープ,なし,https://s3-ap-northeast-1.amazonaws.com/hirogete-data-user/label-data/6272/MERGE-1728951154385-z6arzfugqz.pdf,,,,,,,,,,,,,,,,,,,,,,,
発送済み,広島から発送,7211,スイッチライト,ブルー,1,57 30 34 71 13 20,エンベロープ,なし,https://s3-ap-northeast-1.amazonaws.com/hirogete-data-user/label-data/6272/MERGE-1728951219613-ndk2p3g3dbr.pdf,,,,,,,,,,,,,,,,,,,,,,,
発送済み,広島から発送,7212,スイッチライト,ターコイズ,1,57 30 34 71 13 20,エンベロープ,なし,https://s3-ap-northeast-1.amazonaws.com/hirogete-data-user/label-data/6272/MERGE-1728951325417-1bmjcnshd6q.pdf,,,,,,,,,,,,,,,,,,,,,,,
発送済み,広島から発送,7213,スイッチライト,ターコイズ,1,57 30 34 71 13 20,エンベロープ,なし,https://s3-ap-northeast-1.amazonaws.com/hirogete-data-user/label-data/6272/MERGE-1728951402314-0ahkphzr75uc.pdf,,,,,,,,,,,,,,,,,,,,,,,
発送済み,広島から発送,7214,スイッチライト,コーラル,1,57 30 34 71 13 20,エンベロープ,なし,https://s3-ap-northeast-1.amazonaws.com/hirogete-data-user/label-data/6272/MERGE-1728951475787-iq6t0gxrslp.pdf,,,,,,,,,,,,,,,,,,,,,,,
発送済み,広島から発送,7216,スイッチライト,グレー,1,57 30 34 71 13 20,エンベロープ,なし,https://s3-ap-northeast-1.amazonaws.com/hirogete-data-user/label-data/6272/MERGE-1728951551222-86c6pmcicvv.pdf,,,,,,,,,,,,,,,,,,,,,,,
発送済み,広島から発送,7217,スイッチライト,イエロー,1,57 30 34 71 13 20,エンベロープ,なし,https://s3-ap-northeast-1.amazonaws.com/hirogete-data-user/label-data/6272/MERGE-1728951640315-zlam8u83p2k.pdf,,,,,,,,,,,,,,,,,,,,,,,
発送済み,広島から発送,7218,スイッチライト,イエロー,1,57 30 34 71 13 20,エンベロープ,なし,https://s3-ap-northeast-1.amazonaws.com/hirogete-data-user/label-data/6272/MERGE-1728951744168-jyncj5uxys.pdf,,,,,,,,,,,,,,,,,,,,,,,
発送済み,広島から発送,7220,スイッチライト,グレー,1,57 30 34 71 13 20,エンベロープ,なし,https://s3-ap-northeast-1.amazonaws.com/hirogete-data-user/label-data/6272/MERGE-1728954465221-c8d0wy8h624.pdf,,,,,,,,,,,,,,,,,,,,,,,
発送済み,広島から発送,7221,スイッチライト,グレー,1,57 30 34 71 13 20,エンベロープ,なし,https://s3-ap-northeast-1.amazonaws.com/hirogete-data-user/label-data/6272/MERGE-1729125188383-4l7zoi54wzq.pdf,,,,,,,,,,,,,,,,,,,,,,,
発送済み,広島から発送,7225,スイッチライト,ターコイズ,1,57 30 34 71 13 20,エンベロープ,なし,https://s3-ap-northeast-1.amazonaws.com/hirogete-data-user/label-data/6272/MERGE-1729470322776-z6cpsog4yao.pdf,,,,,,,,,,,,,,,,,,,,,,,
発送済み,広島から発送,7226,スイッチライト,グレー,1,57 30 34 71 13 20,エンベロープ,なし,https://s3-ap-northeast-1.amazonaws.com/hirogete-data-user/label-data/6272/MERGE-1729470597062-xp07zx5h7z.pdf,,,,,,,,,,,,,,,,,,,,,,,
発送済み,広島から発送,7228,スイッチライト,グレー,1,57 30 34 71 13 20,エンベロープ,なし,https://s3-ap-northeast-1.amazonaws.com/hirogete-data-user/label-data/6272/MERGE-1729471189310-7mlpsu6i58e.pdf,,,,,,,,,,,,,,,,,,,,,,,
発送済み,広島から発送,7234,スイッチライト,ザシアン,1,57 30 34 71 13 20,エンベロープ,なし,https://s3-ap-northeast-1.amazonaws.com/hirogete-data-user/label-data/6272/MERGE-1729556723853-24qrj0fnswi.pdf,,,,,,,,,,,,,,,,,,,,,,,
発送済み,広島から発送,7235,スイッチライト,グレー,1,57 30 34 71 13 20,エンベロープ,なし,https://s3-ap-northeast-1.amazonaws.com/hirogete-data-user/label-data/6272/MERGE-1729556830098-8n59p6hrzdx.pdf,,,,,,,,,,,,,,,,,,,,,,,
発送済み,広島から発送,7237,スイッチライト,イエロー,1,57 30 34 71 13 20,エンベロープ,なし,https://s3-ap-northeast-1.amazonaws.com/hirogete-data-user/label-data/6272/MERGE-1729556991929-0edyeub5de4a.pdf,,,,,,,,,,,,,,,,,,,,,,,
発送済み,広島から発送,7239,スイッチライト,ターコイズ,1,57 30 34 71 13 20,エンベロープ,なし,https://s3-ap-northeast-1.amazonaws.com/hirogete-data-user/label-data/6272/MERGE-1729557131656-zovx5frllbk.pdf,,,,,,,,,,,,,,,,,,,,,,,
発送済み,広島から発送,7242,スイッチライト,ターコイズ,1,57 30 34 71 13 20,エンベロープ,なし,https://s3-ap-northeast-1.amazonaws.com/hirogete-data-user/label-data/6272/MERGE-1729642358309-8thi12r33r5.pdf,,,,,,,,,,,,,,,,,,,,,,,
発送済み,広島から発送,7246,スイッチライト,ザシアン,1,57 30 34 71 13 20,エンベロープ,なし,https://s3-ap-northeast-1.amazonaws.com/hirogete-data-user/label-data/6272/MERGE-1729730273361-2znaqwdpblp.pdf,,,,,,,,,,,,,,,,,,,,,,,
発送済み,広島から発送,7256,スイッチライト,コーラル,1,57 30 34 71 13 20,エンベロープ,なし,https://s3-ap-northeast-1.amazonaws.com/hirogete-data-user/label-data/6272/MERGE-1730074537888-wy4nljftuzs.pdf,,,,,,,,,,,,,,,,,,,,,,,
発送済み,広島から発送,7257,スイッチライト,ターコイズ,1,57 30 34 71 13 20,エンベロープ,なし,https://s3-ap-northeast-1.amazonaws.com/hirogete-data-user/label-data/6272/MERGE-1730074771094-f6cbh033jho.pdf,,,,,,,,,,,,,,,,,,,,,,,
発送済み,広島から発送,7259,スイッチライト,イエロー,1,57 30 34 71 13 20,エンベロープ,なし,https://s3-ap-northeast-1.amazonaws.com/hirogete-data-user/label-data/6272/MERGE-1730074963362-5aahce424mk.pdf,,,,,,,,,,,,,,,,,,,,,,,
発送済み,広島から発送,7261,スイッチライト,ターコイズ,1,57 30 34 71 13 20,エンベロープ,なし,https://s3-ap-northeast-1.amazonaws.com/hirogete-data-user/label-data/6272/MERGE-1730160978740-vvcvcra10dj.pdf,,,,,,,,,,,,,,,,,,,,,,,
発送済み,広島から発送,7263,スイッチライト,イエロー,1,57 30 34 71 13 20,エンベロープ,なし,https://s3-ap-northeast-1.amazonaws.com/hirogete-data-user/label-data/6272/MERGE-1730333736124-c85zthtcsbl.pdf,,,,,,,,,,,,,,,,,,,,,,,
発送済み,広島から発送,7267,スイッチライト,グレー,1,57 30 34 71 13 20,エンベロープ,なし,https://s3-ap-northeast-1.amazonaws.com/hirogete-data-user/label-data/6272/MERGE-1730766185660-rj5iqog5ub.pdf,,,,,,,,,,,,,,,,,,,,,,,
発送済み,広島から発送,7269,スイッチライト,コーラル,1,57 30 34 71 13 20,エンベロープ,なし,https://s3-ap-northeast-1.amazonaws.com/hirogete-data-user/label-data/6272/MERGE-1730766345495-9gvypxn5jrh.pdf,,,,,,,,,,,,,,,,,,,,,,,
発送済み,広島から発送,7270,スイッチライト,ザシアン,1,57 30 34 71 13 20,エンベロープ,なし,https://s3-ap-northeast-1.amazonaws.com/hirogete-data-user/label-data/6272/MERGE-1730766500567-gf87uutqw6u.pdf,,,,,,,,,,,,,,,,,,,,,,,
発送済み,広島から発送,7271,スイッチライト,ターコイズ,1,57 30 34 71 13 20,エンベロープ,なし,https://s3-ap-northeast-1.amazonaws.com/hirogete-data-user/label-data/6272/MERGE-1730766616330-ilb5pijkvm.pdf,,,,,,,,,,,,,,,,,,,,,,,
発送済み,広島から発送,7272,スイッチライト,グレー,1,57 30 34 71 13 20,エンベロープ,なし,https://s3-ap-northeast-1.amazonaws.com/hirogete-data-user/label-data/6272/MERGE-1730766726256-kv42h8ku10a.pdf,,,,,,,,,,,,,,,,,,,,,,,
発送済み,広島から発送,7273,スイッチライト,コーラル,1,57 30 34 71 13 20,エンベロープ,なし,https://s3-ap-northeast-1.amazonaws.com/hirogete-data-user/label-data/6272/MERGE-1730766850239-rrcxojyfo9f.pdf,,,,,,,,,,,,,,,,,,,,,,,
発送済み,広島から発送,7276,スイッチライト,イエロー,1,57 30 34 71 13 20,エンベロープ,なし,https://s3-ap-northeast-1.amazonaws.com/hirogete-data-user/label-data/6272/MERGE-1730852539448-st0jtra1h3.pdf,,,,,,,,,,,,,,,,,,,,,,,
発送済み,広島から発送,7278,スイッチライト,イエロー,1,57 30 34 71 13 20,エンベロープ,なし,https://s3-ap-northeast-1.amazonaws.com/hirogete-data-user/label-data/6272/MERGE-1731024856787-ms6ji60yaec.pdf,,,,,,,,,,,,,,,,,,,,,,,
発送済み,広島から発送,7280,スイッチライト,イエロー,1,57 30 34 71 13 20,エンベロープ,なし,https://s3-ap-northeast-1.amazonaws.com/hirogete-data-user/label-data/6272/MERGE-1731025027709-cxrkltxom4l.pdf,,,,,,,,,,,,,,,,,,,,,,,
発送済み,広島から発送,7284,スイッチライト,ブルー,1,57 30 34 71 13 20,エンベロープ,なし,https://s3-ap-northeast-1.amazonaws.com/hirogete-data-user/label-data/6272/MERGE-1731025202298-6eoaywhgq1h.pdf,,,,,,,,,,,,,,,,,,,,,,,
発送済み,広島から発送,7285,スイッチライト,イエロー,1,57 30 34 71 13 20,エンベロープ,なし,https://s3-ap-northeast-1.amazonaws.com/hirogete-data-user/label-data/6272/MERGE-1731027764104-s640h7jb4rr.pdf,,,,,,,,,,,,,,,,,,,,,,,
発送済み,広島から発送,7293,スイッチライト,コーラル,1,57 30 34 71 13 20,エンベロープ,なし,https://s3-ap-northeast-1.amazonaws.com/hirogete-data-user/label-data/6272/MERGE-1731284610140-d0zukt8wnr.pdf,,,,,,,,,,,,,,,,,,,,,,,
発送済み,広島から発送,7294,スイッチライト,ターコイズ,1,57 30 34 71 13 20,エンベロープ,なし,https://s3-ap-northeast-1.amazonaws.com/hirogete-data-user/label-data/6272/MERGE-1731284809079-2pg4hks8st2.pdf,,,,,,,,,,,,,,,,,,,,,,,
発送済み,広島から発送,7295,スイッチライト,ザシアン,1,57 30 34 71 13 20,エンベロープ,なし,https://s3-ap-northeast-1.amazonaws.com/hirogete-data-user/label-data/6272/MERGE-1731284968546-d46ybwn7fo.pdf,,,,,,,,,,,,,,,,,,,,,,,
発送済み,広島から発送,7301,スイッチライト,イエロー,1,57 30 34 71 13 20,エンベロープ,なし,https://s3-ap-northeast-1.amazonaws.com/hirogete-data-user/label-data/6272/MERGE-1731287454863-06sdnskgb7zf.pdf,,,,,,,,,,,,,,,,,,,,,,,
発送済み,広島から発送,7310,スイッチライト,グレー,1,57 30 34 71 13 20,エンベロープ,なし,https://s3-ap-northeast-1.amazonaws.com/hirogete-data-user/label-data/6272/MERGE-1731543518989-dgsfj1atc4q.pdf,,,,,,,,,,,,,,,,,,,,,,,
発送済み,広島から発送,7311,スイッチライト,グレー,1,57 30 34 71 13 20,エンベロープ,なし,https://s3-ap-northeast-1.amazonaws.com/hirogete-data-user/label-data/6272/MERGE-1731543704256-ncf8q2n02z.pdf,,,,,,,,,,,,,,,,,,,,,,,
発送済み,広島から発送,7313,スイッチライト,グレー,1,57 30 34 71 13 20,エンベロープ,なし,https://s3-ap-northeast-1.amazonaws.com/hirogete-data-user/label-data/6272/MERGE-1731629909170-j0gk5h7ez6.pdf,,,,,,,,,,,,,,,,,,,,,,,
発送済み,広島から発送,7314,スイッチライト,ブルー,1,57 30 34 71 13 20,エンベロープ,なし,https://s3-ap-northeast-1.amazonaws.com/hirogete-data-user/label-data/6272/MERGE-1731630131489-qouj0tajt8o.pdf,,,,,,,,,,,,,,,,,,,,,,,
発送済み,広島から発送,7315,スイッチライト,コーラル,1,57 30 34 71 13 20,エンベロープ,なし,https://s3-ap-northeast-1.amazonaws.com/hirogete-data-user/label-data/6272/MERGE-1731630286835-v0zqddr7g8m.pdf,,,,,,,,,,,,,,,,,,,,,,,
発送済み,広島から発送,7316,スイッチライト,グレー,1,57 30 34 71 13 20,エンベロープ,なし,https://s3-ap-northeast-1.amazonaws.com/hirogete-data-user/label-data/6272/MERGE-1731630493249-gxx5naarobd.pdf,,,,,,,,,,,,,,,,,,,,,,,
発送済み,広島から発送,7318,スイッチライト,ターコイズ,1,57 30 34 71 13 20,エンベロープ,なし,https://s3-ap-northeast-1.amazonaws.com/hirogete-data-user/label-data/6272/MERGE-1731630666885-4np7ysn3olt.pdf,,,,,,,,,,,,,,,,,,,,,,,
発送済み,広島から発送,7319,スイッチライト,ターコイズ,1,57 30 34 71 13 20,エンベロープ,なし,https://s3-ap-northeast-1.amazonaws.com/hirogete-data-user/label-data/6272/MERGE-1731630818988-3lp0bab4khe.pdf,,,,,,,,,,,,,,,,,,,,,,,
発送済み,広島から発送,7320,スイッチライト,コーラル,1,57 30 34 71 13 20,エンベロープ,なし,https://s3-ap-northeast-1.amazonaws.com/hirogete-data-user/label-data/6272/MERGE-1731631015988-oktgt6a9zvq.pdf,,,,,,,,,,,,,,,,,,,,,,,
発送済み,広島から発送,7321,スイッチライト,ターコイズ,1,57 30 34 71 13 20,エンベロープ,なし,https://s3-ap-northeast-1.amazonaws.com/hirogete-data-user/label-data/6272/MERGE-1731631248331-phoztcipfj.pdf,,,,,,,,,,,,,,,,,,,,,,,
発送済み,広島から発送,7322,スイッチライト,ブルー,1,57 30 34 71 13 20,エンベロープ,なし,https://s3-ap-northeast-1.amazonaws.com/hirogete-data-user/label-data/6272/MERGE-1731631560993-8kubbayj2a2.pdf,,,,,,,,,,,,,,,,,,,,,,,
発送済み,広島から発送,7329,スイッチライト,コーラル,1,57 30 34 71 13 20,エンベロープ,なし,https://s3-ap-northeast-1.amazonaws.com/hirogete-data-user/label-data/6272/MERGE-1731889897664-3xdwgkjm1fw.pdf,,,,,,,,,,,,,,,,,,,,,,,
発送済み,広島から発送,7330,スイッチライト,ターコイズ,1,57 30 34 71 13 20,エンベロープ,なし,https://s3-ap-northeast-1.amazonaws.com/hirogete-data-user/label-data/6272/MERGE-1731890095820-ldgcu49ouf.pdf,,,,,,,,,,,,,,,,,,,,,,,
発送済み,広島から発送,7335,スイッチライト,ターコイズ,1,57 30 34 71 13 20,エンベロープ,なし,https://s3-ap-northeast-1.amazonaws.com/hirogete-data-user/label-data/6272/MERGE-1731890095820-ldgcu49ouf.pdf,,,,,,,,,,,,,,,,,,,,,,,
発送済み,広島から発送,7339,スイッチライト,グレー,1,57 30 34 71 13 20,エンベロープ,なし,https://s3-ap-northeast-1.amazonaws.com/hirogete-data-user/label-data/6272/MERGE-1731890582575-hdn86q443fp.pdf,,,,,,,,,,,,,,,,,,,,,,,
発送済み,広島から発送,7341,スイッチライト,ターコイズ,1,57 30 34 71 13 20,エンベロープ,なし,https://s3-ap-northeast-1.amazonaws.com/hirogete-data-user/label-data/6272/MERGE-1731976351593-xbm4aqttyn.pdf,,,,,,,,,,,,,,,,,,,,,,,
発送済み,広島から発送,7342,スイッチライト,グレー,1,57 30 34 71 13 20,エンベロープ,なし,https://s3-ap-northeast-1.amazonaws.com/hirogete-data-user/label-data/6272/MERGE-1731976480261-cjxje5ncwxl.pdf,,,,,,,,,,,,,,,,,,,,,,,
発送済み,広島から発送,7343,スイッチライト,ターコイズ,1,57 30 34 71 13 20,エンベロープ,なし,https://s3-ap-northeast-1.amazonaws.com/hirogete-data-user/label-data/6272/MERGE-1731976630724-83k02f9z3xu.pdf,,,,,,,,,,,,,,,,,,,,,,,
発送済み,広島から発送,7344,スイッチライト,グレー,1,57 30 34 71 13 20,エンベロープ,なし,https://s3-ap-northeast-1.amazonaws.com/hirogete-data-user/label-data/6272/MERGE-1732062237331-ygmdw8yq2m.pdf,,,,,,,,,,,,,,,,,,,,,,,
発送済み,広島から発送,7349,スイッチライト,イエロー,1,57 30 34 71 13 20,エンベロープ,なし,https://s3-ap-northeast-1.amazonaws.com/hirogete-data-user/label-data/6272/MERGE-1732062453984-yxd4z74lkrp.pdf,,,,,,,,,,,,,,,,,,,,,,,
発送済み,広島から発送,7353,スイッチライト,ターコイズ,1,57 30 34 71 13 20,エンベロープ,なし,https://s3-ap-northeast-1.amazonaws.com/hirogete-data-user/label-data/6272/MERGE-1732148174605-lq3fxpumv8.pdf,,,,,,,,,,,,,,,,,,,,,,,
発送済み,広島から発送,7357,スイッチライト,ターコイズ,1,57 30 34 71 13 20,エンベロープ,なし,https://s3-ap-northeast-1.amazonaws.com/hirogete-data-user/label-data/6272/MERGE-1732148345871-dwdvhe9f4us.pdf,,,,,,,,,,,,,,,,,,,,,,,
発送済み,広島から発送,7358,スイッチライト,ターコイズ,1,57 30 34 71 13 20,エンベロープ,なし,https://s3-ap-northeast-1.amazonaws.com/hirogete-data-user/label-data/6272/MERGE-1732148490283-ggyptonpad.pdf,,,,,,,,,,,,,,,,,,,,,,,
発送済み,広島から発送,7361,スイッチライト,ブルー,1,57 30 34 71 13 20,エンベロープ,なし,https://s3-ap-northeast-1.amazonaws.com/hirogete-data-user/label-data/6272/MERGE-1732494088942-qmdyqn3rwb.pdf,,,,,,,,,,,,,,,,,,,,,,,
発送済み,広島から発送,7363,スイッチライト,イエロー,1,57 30 34 71 13 20,エンベロープ,なし,https://s3-ap-northeast-1.amazonaws.com/hirogete-data-user/label-data/6272/MERGE-1732494249196-6bjxpxwylam.pdf,,,,,,,,,,,,,,,,,,,,,,,
発送済み,広島から発送,7364,スイッチライト,コーラル,1,57 30 34 71 13 20,エンベロープ,なし,https://s3-ap-northeast-1.amazonaws.com/hirogete-data-user/label-data/6272/MERGE-1732494407323-gqanz6w6ler.pdf,,,,,,,,,,,,,,,,,,,,,,,
発送済み,広島から発送,7369,スイッチライト,イエロー,1,57 30 34 71 13 20,エンベロープ,なし,https://s3-ap-northeast-1.amazonaws.com/hirogete-data-user/label-data/6272/MERGE-1732494588076-xdkcwwk9ge.pdf,,,,,,,,,,,,,,,,,,,,,,,
発送済み,広島から発送,7376,スイッチライト,グレー,1,57 30 34 71 13 20,エンベロープ,なし,https://s3-ap-northeast-1.amazonaws.com/hirogete-data-user/label-data/6272/MERGE-1732494985328-6hm90851alh.pdf,,,,,,,,,,,,,,,,,,,,,,,
発送済み,広島から発送,7377,スイッチライト,ターコイズ,1,57 30 34 71 13 20,エンベロープ,なし,https://s3-ap-northeast-1.amazonaws.com/hirogete-data-user/label-data/6272/MERGE-1732495133061-duq066ys33q.pdf,,,,,,,,,,,,,,,,,,,,,,,
発送済み,広島から発送,7384,スイッチライト,コーラル,1,57 30 34 71 13 20,エンベロープ,なし,https://s3-ap-northeast-1.amazonaws.com/hirogete-data-user/label-data/6272/MERGE-1732580176505-1xt370r2p8p.pdf,,,,,,,,,,,,,,,,,,,,,,,
発送済み,広島から発送,7385,スイッチライト,ターコイズ,1,57 30 34 71 13 20,エンベロープ,なし,https://s3-ap-northeast-1.amazonaws.com/hirogete-data-user/label-data/6272/MERGE-1732580375113-mdy2bbu3usr.pdf,,,,,,,,,,,,,,,,,,,,,,,
発送済み,広島から発送,7386,スイッチライト,グレー,1,57 30 34 71 13 20,エンベロープ,なし,https://s3-ap-northeast-1.amazonaws.com/hirogete-data-user/label-data/6272/MERGE-1732580530815-ll406l3hdhi.pdf,,,,,,,,,,,,,,,,,,,,,,,
発送済み,広島から発送,7387,スイッチライト,イエロー,1,57 30 34 71 13 20,エンベロープ,なし,https://s3-ap-northeast-1.amazonaws.com/hirogete-data-user/label-data/6272/MERGE-1732580751200-61xv65lxhmh.pdf,,,,,,,,,,,,,,,,,,,,,,,
発送済み,広島から発送,7388,スイッチライト,ターコイズ,1,57 30 34 71 13 20,エンベロープ,なし,https://s3-ap-northeast-1.amazonaws.com/hirogete-data-user/label-data/6272/MERGE-1732580921445-cck49mb3ssl.pdf,,,,,,,,,,,,,,,,,,,,,,,
発送済み,広島から発送,7389,スイッチライト,グレー,1,57 30 34 71 13 20,エンベロープ,なし,https://s3-ap-northeast-1.amazonaws.com/hirogete-data-user/label-data/6272/MERGE-1732582968223-wedbbzlmug.pdf,,,,,,,,,,,,,,,,,,,,,,,
発送済み,広島から発送,7390,スイッチライト,コーラル,1,57 30 34 71 13 20,エンベロープ,なし,https://s3-ap-northeast-1.amazonaws.com/hirogete-data-user/label-data/6272/MERGE-1732666449492-5zfnqh7mrpk.pdf,,,,,,,,,,,,,,,,,,,,,,,
発送済み,広島から発送,7392,スイッチライト,ターコイズ,1,57 30 34 71 13 20,エンベロープ,なし,https://s3-ap-northeast-1.amazonaws.com/hirogete-data-user/label-data/6272/MERGE-1732668216348-9t4iubzloau.pdf,,,,,,,,,,,,,,,,,,,,,,,
発送済み,広島から発送,7393,スイッチライト,ターコイズ,1,57 30 34 71 13 20,エンベロープ,なし,https://s3-ap-northeast-1.amazonaws.com/hirogete-data-user/label-data/6272/MERGE-1732667070216-16wigl1wgdd.pdf,,,,,,,,,,,,,,,,,,,,,,,
発送済み,広島から発送,7394,スイッチライト,ターコイズ,1,57 30 34 71 13 20,エンベロープ,なし,https://s3-ap-northeast-1.amazonaws.com/hirogete-data-user/label-data/6272/MERGE-1732667693202-fgehsl3chip.pdf,,,,,,,,,,,,,,,,,,,,,,,
発送済み,広島から発送,7397,スイッチライト,ターコイズ,1,57 30 34 71 13 20,エンベロープ,なし,https://s3-ap-northeast-1.amazonaws.com/hirogete-data-user/label-data/6272/MERGE-1732668062017-efaxx88a0q.pdf,,,,,,,,,,,,,,,,,,,,,,,
発送済み,広島から発送,7403,スイッチライト,ブルー,1,57 30 34 71 13 20,エンベロープ,なし,https://s3-ap-northeast-1.amazonaws.com/hirogete-data-user/label-data/6272/MERGE-1732752959094-257l9heiryg.pdf,,,,,,,,,,,,,,,,,,,,,,,
発送済み,広島から発送,7415,スイッチライト,コーラル,1,57 30 34 71 13 20,エンベロープ,なし,https://s3-ap-northeast-1.amazonaws.com/hirogete-data-user/label-data/6272/MERGE-1733098577099-vgvx0gow9hd.pdf,,,,,,,,,,,,,,,,,,,,,,,
発送済み,広島から発送,7422,スイッチライト,ターコイズ,1,57 30 34 71 13 20,エンベロープ,なし,https://s3-ap-northeast-1.amazonaws.com/hirogete-data-user/label-data/6272/MERGE-1733098764836-cq8emaz7fsv.pdf,,,,,,,,,,,,,,,,,,,,,,,
発送済み,広島から発送,7425,スイッチライト,グレー,1,57 30 34 71 13 20,エンベロープ,なし,https://s3-ap-northeast-1.amazonaws.com/hirogete-data-user/label-data/6272/MERGE-1733187575225-rkchk2rggd8.pdf,,,,,,,,,,,,,,,,,,,,,,,
発送済み,広島から発送,7427,スイッチライト,ターコイズ,1,57 30 34 71 13 20,エンベロープ,なし,https://s3-ap-northeast-1.amazonaws.com/hirogete-data-user/label-data/6272/MERGE-1733271697227-95snt47zh1w.pdf,,,,,,,,,,,,,,,,,,,,,,,
発送済み,広島から発送,7429,スイッチライト,ターコイズ,1,57 30 34 71 13 20,エンベロープ,なし,https://s3-ap-northeast-1.amazonaws.com/hirogete-data-user/label-data/6272/MERGE-1733271895160-tc7384sd7zc.pdf,,,,,,,,,,,,,,,,,,,,,,,
発送済み,広島から発送,7432,スイッチライト,ターコイズ,1,57 30 34 71 13 20,エンベロープ,なし,https://s3-ap-northeast-1.amazonaws.com/hirogete-data-user/label-data/6272/MERGE-1733272078236-zge9fhowvo9.pdf,,,,,,,,,,,,,,,,,,,,,,,
発送済み,広島から発送,7433,スイッチライト,ターコイズ,1,57 30 34 71 13 20,エンベロープ,なし,https://s3-ap-northeast-1.amazonaws.com/hirogete-data-user/label-data/6272/MERGE-1733357771467-t5s6clm8fsm.pdf,,,,,,,,,,,,,,,,,,,,,,,
発送済み,広島から発送,7435,スイッチライト,ザシアン,1,57 30 34 71 13 20,エンベロープ,なし,https://s3-ap-northeast-1.amazonaws.com/hirogete-data-user/label-data/6272/MERGE-1733444124935-on67r645xtr.pdf,,,,,,,,,,,,,,,,,,,,,,,
発送済み,広島から発送,7439,スイッチライト,ブルー,1,57 30 34 71 13 20,エンベロープ,なし,https://s3-ap-northeast-1.amazonaws.com/hirogete-data-user/label-data/6272/MERGE-1733702770288-79e9wl95lks.pdf,,,,,,,,,,,,,,,,,,,,,,,
発送済み,広島から発送,7444,スイッチライト,ザシアン,1,57 30 34 71 13 20,エンベロープ,なし,https://s3-ap-northeast-1.amazonaws.com/hirogete-data-user/label-data/6272/MERGE-1733790053979-fbrwjpbnbz.pdf,,,,,,,,,,,,,,,,,,,,,,,
発送済み,広島から発送,7445,スイッチライト,ザシアン,1,57 30 34 71 13 20,エンベロープ,なし,https://s3-ap-northeast-1.amazonaws.com/hirogete-data-user/label-data/6272/MERGE-1733876779544-yp7kk57fmih.pdf,,,,,,,,,,,,,,,,,,,,,,,
発送済み,広島から発送,7446,スイッチライト,ターコイズ,1,57 30 34 71 13 20,エンベロープ,なし,https://s3-ap-northeast-1.amazonaws.com/hirogete-data-user/label-data/6272/MERGE-1733876978046-yzifhvrnxv.pdf,,,,,,,,,,,,,,,,,,,,,,,
発送済み,広島から発送,7448,スイッチライト,ザシアン,1,57 30 34 71 13 20,エンベロープ,なし,https://s3-ap-northeast-1.amazonaws.com/hirogete-data-user/label-data/6272/MERGE-1733877323369-j4t5saffi6.pdf,,,,,,,,,,,,,,,,,,,,,,,
発送済み,広島から発送,7453,スイッチライト,グレー,1,57 30 34 71 13 20,エンベロープ,なし,https://s3-ap-northeast-1.amazonaws.com/hirogete-data-user/label-data/6272/MERGE-1733962846499-8v5o3qe5ks.pdf,,,,,,,,,,,,,,,,,,,,,,,
発送済み,広島から発送,7455,スイッチライト,コーラル,1,57 30 34 71 13 20,エンベロープ,なし,https://s3-ap-northeast-1.amazonaws.com/hirogete-data-user/label-data/6272/MERGE-1733963120545-1r6h6zw6epn.pdf,,,,,,,,,,,,,,,,,,,,,,,
発送済み,広島から発送,7460,スイッチライト,ブルー,1,57 30 34 71 13 20,エンベロープ,なし,https://s3-ap-northeast-1.amazonaws.com/hirogete-data-user/label-data/6272/MERGE-1734049339519-r11k4yuqy3r.pdf,,,,,,,,,,,,,,,,,,,,,,,
発送済み,広島から発送,7461,スイッチライト,イエロー,1,57 30 34 71 13 20,エンベロープ,なし,https://s3-ap-northeast-1.amazonaws.com/hirogete-data-user/label-data/6272/MERGE-1734049482537-mclbicj53f.pdf,,,,,,,,,,,,,,,,,,,,,,,
発送済み,広島から発送,7464,スイッチライト,コーラル,1,57 30 34 71 13 20,エンベロープ,なし,https://s3-ap-northeast-1.amazonaws.com/hirogete-data-user/label-data/6272/MERGE-1734049638244-p09xl9v7x1.pdf,,,,,,,,,,,,,,,,,,,,,,,
発送済み,広島から発送,7465,スイッチライト,ターコイズ,1,57 30 34 71 13 20,エンベロープ,なし,https://s3-ap-northeast-1.amazonaws.com/hirogete-data-user/label-data/6272/MERGE-1734049844729-gapi37kkjx.pdf,,,,,,,,,,,,,,,,,,,,,,,
発送済み,広島から発送,7467,スイッチライト,ターコイズ,1,57 30 34 71 13 20,エンベロープ,なし,https://s3-ap-northeast-1.amazonaws.com/hirogete-data-user/label-data/6272/MERGE-1734049992663-ocnjg996qw.pdf,,,,,,,,,,,,,,,,,,,,,,,
発送済み,広島から発送,7468,スイッチライト,イエロー,1,57 30 34 71 13 20,エンベロープ,なし,https://s3-ap-northeast-1.amazonaws.com/hirogete-data-user/label-data/6272/MERGE-1734050121364-0lvheb16u94.pdf,,,,,,,,,,,,,,,,,,,,,,,
発送済み,広島から発送,7483,スイッチライト,グレー,1,57 30 34 71 13 20,エンベロープ,なし,https://s3-ap-northeast-1.amazonaws.com/hirogete-data-user/label-data/6272/MERGE-1735260012323-2fzb6nwiu0p.pdf,,,,,,,,,,,,,,,,,,,,,,,
発送済み,広島から発送,7484,スイッチライト,ザシアン,1,57 30 34 71 13 20,エンベロープ,なし,https://s3-ap-northeast-1.amazonaws.com/hirogete-data-user/label-data/6272/MERGE-1735261661538-bu2ua2vex37.pdf,,,,,,,,,,,,,,,,,,,,,,,
発送済み,広島から発送,7490,スイッチライト,グレー,1,57 30 34 71 13 20,エンベロープ,なし,https://s3-ap-northeast-1.amazonaws.com/hirogete-data-user/label-data/6272/MERGE-1736125010364-smetceeno6.pdf,,,,,,,,,,,,,,,,,,,,,,,