v,,,,,,,,,Tue Oct 29 2024 00:00:00 GMT+0900 (Japan Standard Time),,Sat Nov 02 2024 00:00:00 GMT+0900 (Japan Standard Time),,Tue Nov 05 2024 00:00:00 GMT+0900 (Japan Standard Time),,,1116,,,,,,1122,,,Tue Dec 03 2024 00:00:00 GMT+0900 (Japan Standard Time),,Sat Dec 07 2024 00:00:00 GMT+0900 (Japan Standard Time),Sat Dec 07 2024 00:00:00 GMT+0900 (Japan Standard Time),Mon Dec 09 2024 00:00:00 GMT+0900 (Japan Standard Time),Thu Dec 12 2024 00:00:00 GMT+0900 (Japan Standard Time),,Sat Dec 14 2024 00:00:00 GMT+0900 (Japan Standard Time),,Tue Dec 17 2024 00:00:00 GMT+0900 (Japan Standard Time),,Wed Dec 18 2024 00:00:00 GMT+0900 (Japan Standard Time),Sat Dec 21 2024 00:00:00 GMT+0900 (Japan Standard Time),Sat Dec 21 2024 00:00:00 GMT+0900 (Japan Standard Time),Tue Dec 24 2024 00:00:00 GMT+0900 (Japan Standard Time),Thu Dec 26 2024 00:00:00 GMT+0900 (Japan Standard Time),Thu Dec 26 2024 00:00:00 GMT+0900 (Japan Standard Time),Mon Jan 06 2025 00:00:00 GMT+0900 (Japan Standard Time),,Wed Jan 08 2025 00:00:00 GMT+0900 (Japan Standard Time),Sat Jan 11 2025 00:00:00 GMT+0900 (Japan Standard Time),Wed Jan 15 2025 00:00:00 GMT+0900 (Japan Standard Time),,Thu Jan 16 2025 00:00:00 GMT+0900 (Japan Standard Time),Fri Jan 17 2025 00:00:00 GMT+0900 (Japan Standard Time),Sun Jan 19 2025 00:00:00 GMT+0900 (Japan Standard Time),Tue Jan 21 2025 00:00:00 GMT+0900 (Japan Standard Time),,Thu Jan 23 2025 00:00:00 GMT+0900 (Japan Standard Time),Fri Jan 24 2025 00:00:00 GMT+0900 (Japan Standard Time),Mon Jan 27 2025 00:00:00 GMT+0900 (Japan Standard Time),Thu Jan 30 2025 00:00:00 GMT+0900 (Japan Standard Time),Fri Jan 31 2025 00:00:00 GMT+0900 (Japan Standard Time),Sat Feb 01 2025 00:00:00 GMT+0900 (Japan Standard Time),Sun Feb 02 2025 00:00:00 GMT+0900 (Japan Standard Time),,Fri Feb 07 2025 00:00:00 GMT+0900 (Japan Standard Time),Fri Feb 07 2025 00:00:00 GMT+0900 (Japan Standard Time),Sat Feb 08 2025 00:00:00 GMT+0900 (Japan Standard Time),Sun Feb 09 2025 00:00:00 GMT+0900 (Japan Standard Time),Sat Feb 15 2025 00:00:00 GMT+0900 (Japan Standard Time),,,Wed Feb 19 2025 00:00:00 GMT+0900 (Japan Standard Time),Sat Feb 22 2025 00:00:00 GMT+0900 (Japan Standard Time),Sat Mar 01 2025 00:00:00 GMT+0900 (Japan Standard Time),Sat Mar 08 2025 00:00:00 GMT+0900 (Japan Standard Time),Sat Mar 08 2025 00:00:00 GMT+0900 (Japan Standard Time),Sat Mar 08 2025 00:00:00 GMT+0900 (Japan Standard Time),,Sat Mar 08 2025 00:00:00 GMT+0900 (Japan Standard Time),Tue Mar 11 2025 00:00:00 GMT+0900 (Japan Standard Time),Fri Mar 14 2025 00:00:00 GMT+0900 (Japan Standard Time),Fri Mar 14 2025 00:00:00 GMT+0900 (Japan Standard Time),Fri Mar 14 2025 00:00:00 GMT+0900 (Japan Standard Time),Thu Mar 20 2025 00:00:00 GMT+0900 (Japan Standard Time),Thu Mar 20 2025 00:00:00 GMT+0900 (Japan Standard Time),Fri Mar 21 2025 00:00:00 GMT+0900 (Japan Standard Time),Fri Mar 21 2025 00:00:00 GMT+0900 (Japan Standard Time),,Fri Mar 21 2025 00:00:00 GMT+0900 (Japan Standard Time),Sat Mar 29 2025 00:00:00 GMT+0900 (Japan Standard Time),Thu Apr 03 2025 00:00:00 GMT+0900 (Japan Standard Time),Thu Apr 03 2025 00:00:00 GMT+0900 (Japan Standard Time),,,Thu Apr 03 2025 00:00:00 GMT+0900 (Japan Standard Time),,,,,,,Fri Apr 18 2025 00:00:00 GMT+0900 (Japan Standard Time),,,,Tue Apr 22 2025 00:00:00 GMT+0900 (Japan Standard Time),,,Fri Apr 25 2025 00:00:00 GMT+0900 (Japan Standard Time),Sat Apr 26 2025 00:00:00 GMT+0900 (Japan Standard Time),Fri May 02 2025 00:00:00 GMT+0900 (Japan Standard Time),Wed May 07 2025 00:00:00 GMT+0900 (Japan Standard Time),Fri Jun 13 2025 00:00:00 GMT+0900 (Japan Standard Time),,Tue Jun 17 2025 00:00:00 GMT+0900 (Japan Standard Time),,,Thu Jul 03 2025 00:00:00 GMT+0900 (Japan Standard Time),,Thu Jul 03 2025 00:00:00 GMT+0900 (Japan Standard Time)
,インボイス No.,支払い,https://docs.google.com/spreadsheets/d/1GyRsYmMS2V-3hfWdLP4GaQ_CDPYa3rWxuyPYqhONqWM/edit?gid=0#gid=0,,,,,,,,,,,,,,,,,,,,,,,,,,,,,,,,,,,,,,,,,,,,,,,,,,,,,,,,,,,,,,,,,,,,,,,,772550478016,772620648188,772707578687,772708438698,772716520399,772848054704,772848086125,772872065474,772873059096,,772873430455,880157633970,880270721800,880271753684,880271813499,880271909570,880280166421,880280411695,880472153554,880472169141,880472180238,880472738388,880473243107,880638737922,880638783093,880639254354,880659773620,880766124583,880766281527,880766900706,880796725913,880823260161,880962095491,,881995471004,881996379899,882086877401,882086994679,882087144186,882489806659,882490291126,882499136712
,invoice,Date of payment,,,,shipped,779505681660,779506030865,779560718014,779561218392,779671770523,,779735820813,779797335512,,779995313131,779995298300,,770051175041,770051051409,,770148697035,770351012053,770371346257,770428524950,,770564766150,770566007740,770576873468,770670631920,,770760903471,,770825384079,,770870956950,770952977058,770953142654,771002520397,771023990061,771024222617,771210077856,,771277644060,771356698682,771444745658,,771462397881,771500973635,771527254020,771543955363,,771624860003,771644560761,771689923237,771768247939,771786885810,771786978925,771815506384,,771928368677,771928864171,771934617956,771959571005,772081227688,772081510084,,772171901325,772241643963,772403198309,772549839141,772549882494,772550260887,,,,,,,,,,,,,,,,,,,,,,,,,,,,,,,,,,,,,,,,,,,
,71,Thu Oct 24 2024 00:00:00 GMT+0900 (Japan Standard Time),スイッチライト(グレー、イエロー、ターコイズ、ブルー、コーラル) ,"Switch lite (gray, yellow, turquoise, Blue, coral)",100,100,,7,32,33,28,complete,,,,,,,,,,,,,,,,,,,,,,,,,,,,,,,,,,,,,,,,,,,,,,,,,,,,,,,,,,,,,,,,,,,,,,,,,,,,,,,,,,,,,,,,,,,,,,,,,,,,,,,,
,,,,,,,,,,,,,,,,,,,,,,,,,,,,,,,,,,,,,,,,,,,,,,,,,,,,,,,,,,,,,,,,,,,,,,,,,,,,,,,,,,,,,,,,,,,,,,,,,,,,,,,,,,,,,,,,,,,,
,72,Thu Oct 24 2024 00:00:00 GMT+0900 (Japan Standard Time),スイッチセット,Switch set,9,9,9,,,,,complete,,,,,,,,,,,,,,,,,,,,,,,,,,,,,,,,,,,,,,,,,,,,,,,,,,,,,,,,,,,,,,,,,,,,,,,,,,,,,,,,,,,,,,,,,,,,,,,,,,,,,,,,
,,,,,,,,,,,,,,,,,,,,,,,,,,,,,,,,,,,,,,,,,,,,,,,,,,,,,,,,,,,,,,,,,,,,,,,,,,,,,,,,,,,,,,,,,,,,,,,,,,,,,,,,,,,,,,,,,,,,
,73,Thu Oct 24 2024 00:00:00 GMT+0900 (Japan Standard Time),Vita2000 ブラック＆micro USB,Vita2000 Black console & micro USB,25,25,,25,,,,complete,,,,,,,,,,,,,,,,,,,,,,,,,,,,,,,,,,,,,,,,,,,,,,,,,,,,,,,,,,,,,,,,,,,,,,,,,,,,,,,,,,,,,,,,,,,,,,,,,,,,,,,,
,,,,,,,,,,,,,,,,,,,,,,,,,,,,,,,,,,,,,,,,,,,,,,,,,,,,,,,,,,,,,,,,,,,,,,,,,,,,,,,,,,,,,,,,,,,,,,,,,,,,,,,,,,,,,,,,,,,,
,78,Fri Nov 15 2024 00:00:00 GMT+0900 (Japan Standard Time),スイッチライト(グレー、イエロー、ターコイズ、ブルー、コーラル) ,"Switch lite (gray, yellow, turquoise, Blue, coral)",50,50,,,,,,,,,,44,6,complete,,,,,,,,,,,,,,,,,,,,,,,,,,,,,,,,,,,,,,,,,,,,,,,,,,,,,,,,,,,,,,,,,,,,,,,,,,,,,,,,,,,,,,,,,,,,,,,,,,
,,,,,,,,,,,,,,,,,,,,,,,,,,,,,,,,,,,,,,,,,,,,,,,,,,,,,,,,,,,,,,,,,,,,,,,,,,,,,,,,,,,,,,,,,,,,,,,,,,,,,,,,,,,,,,,,,,,,
,79,Mon Nov 04 2024 00:00:00 GMT+0900 (Japan Standard Time),Vita2000 ブラック＆micro USB,Vita2000 Black console & micro USB,50,51,,,,,11,,,24,,,7,,,9,complete,,,,,,,,,,,,,,,,,,,,,,,,,,,,,,,,,,,,,,,,,,,,,,,,,,,,,,,,,,,,,,,,,,,,,,,,,,,,,,,,,,,,,,,,,,,,,,,
,,,,,↑1台追加で発送が必要。計51台,,,,,,,,,,,,,,,,,,,,,,,,,,,,,,,,,,,,,,,,,,,,,,,,,,,,,,,,,,,,,,,,,,,,,,,,,,,,,,,,,,,,,,,,,,,,,,,,,,,,,,,,,,,,,,,
,84,Mon Nov 04 2024 00:00:00 GMT+0900 (Japan Standard Time),スイッチセット,Switch set,11,12,,,,,,,8,4,complete,,,,,,,,,,,,,,,,,,,,,,,,,,,,,,,,,,,,,,,,,,,,,,,,,,,,,,,,,,,,,,,,,,,,,,,,,,,,,,,,,,,,,,,,,,,,,,,,,,,,,
,,,,,↑１台追加で１２台発送,,,,,,,,,,,,,,,,,,,,,,,,,,,,,,,,,,,,,,,,,,,,,,,,,,,,,,,,,,,,,,,,,,,,,,,,,,,,,,,,,,,,,,,,,,,,,,,,,,,,,,,,,,,,,,,
,91,,スイッチセット,Switch set,20,20,,,,,,,,,,,,,7,7,,6,complete,,,,,,,,,,,,,,,,,,,,,,,,,,,,,,,,,,,,,,,,,,,,,,,,,,,,,,,,,,,,,,,,,,,,,,,,,,,,,,,,,,,,,,,,,,,,,
,,,,,,,,,,,,,,,,,,,,,,,,,,,,,,,,,,,,,,,,,,,,,,,,,,,,,,,,,,,,,,,,,,,,,,,,,,,,,,,,,,,,,,,,,,,,,,,,,,,,,,,,,,,,,,,,,,,,
,98,Tue Nov 26 2024 00:00:00 GMT+0900 (Japan Standard Time),スイッチライト(グレー、イエロー、ターコイズ、ブルー、コーラル) ,"Switch lite (gray, yellow, turquoise, Blue, coral)",50,50,,,,,,,,,,,,,,,,,43,,7,complete,,,,,,,,,,,,,,,,,,,,,,,,,,,,,,,,,,,,,,,,,,,,,,,,,,,,,,,,,,,,,,,,,,,,,,,,,,,,,,,,,,,,,,,,,,
,,,,,,,,,,,,,,,,,,,,,,,,,,,,,,,,,,,,,,,,,,,,,,,,,,,,,,,,,,,,,,,,,,,,,,,,,,,,,,,,,,,,,,,,,,,,,,,,,,,,,,,,,,,,,,,,,,,,
,101,Wed Nov 27 2024 00:00:00 GMT+0900 (Japan Standard Time),Vita2000 ブラック,Vita2000 Black,20,24,,,,,,,,,,,,,,,,,,,13,,,,11,complete,,,,,,,,,,,,,,,,,,,,,,,,,,,,,,,,,,,,,,,,,,,,,,,,,,,,,,,,,,,,,,,,,,,,,,,,,,,,,,,,,,,,,,
,,,↑追加で４台,,,,,,,,,,,,,,,,,,,,,,,,,,,,,,,,,,,,,,,,,,,,,,,,,,,,,,,,,,,,,,,,,,,,,,,,,,,,,,,,,,,,,,,,,,,,,,,,,,,,,,,,,,,,,,,,,
,102,Wed Nov 27 2024 00:00:00 GMT+0900 (Japan Standard Time),スイッチセット,Switch set,50,50,,,,,,,,,,,,,,,,,,7,,,13,,,,,7,,,,,2,6,,7,6,,,2,complete,,,,,,,,,,,,,,,,,,,,,,,,,,,,,,,,,,,,,,,,,,,,,,,,,,,,,,,,,,,,,,,,,,,,,,,
,,×,スイッチ タブレット,Switch tablet,10,10,,,,,,,,,,,,,,,,,,,,,,,,,,,,,,,,,,,,,,,,,,10,complete,,,,,,,,,,,,,,,,,,,,,,,,,,,,,,,,,,,,,,,,,,,,,,,,,,,,,,,,,,,,,,,,,,,
,,,,,,,,,,,,,,,,,,,,,,,,,,,,,,,,,,,,,,,,,,,,,,,,,,,,,,,,,,,,,,,,,,,,,,,,,,,,,,,,,,,,,,,,,,,,,,,,,,,,,,,,,,,,,,,,,,,,
,103,Tue Dec 03 2024 00:00:00 GMT+0900 (Japan Standard Time),スイッチ タブレット,Switch tablet,100,100,,,,,,,,,,,,,,,,,,,8,,,,,,,,,31,,,9,11,8,,5,4,,,8,16,complete,,,,,,,,,,,,,,,,,,,,,,,,,,,,,,,,,,,,,,,,,,,,,,,,,,,,,,,,,,,,,,,,,,,,,
,,,,,,,,,,,,,,,,,,,,,,,,,,,,,,,,,,,,,,,,,,,,,,,,,,,,,,,,,,,,,,,,,,,,,,,,,,,,,,,,,,,,,,,,,,,,,,,,,,,,,,,,,,,,,,,,,,,,
,107,Wed Dec 04 2024 00:00:00 GMT+0900 (Japan Standard Time),スイッチライト,Switch lite,100,100,,,,,,,,,,,,,,,,,,,,,,43,20,37,complete,,,,,,,,,,,,,,,,,,,,,,,,,,,,,,,,,,,,,,,,,,,,,,,,,,,,,,,,,,,,,,,,,,,,,,,,,,,,,,,,,,,,,
,,,,,,,,,,,,,,,,,,,,,,,,,,,,,,,,,,,,,,,,,,,,,,,,,,,,,,,,,,,,,,,,,,,,,,,,,,,,,,,,,,,,,,,,,,,,,,,,,,,,,,,,,,,,,,,,,,,,
,110,Wed Dec 11 2024 00:00:00 GMT+0900 (Japan Standard Time),スイッチライト,Switch lite,100,100,,,,,,,,,,,,,,,,,,,,,,,,5,,,,,,15,25,,13,,,42,complete,,,,,,,,,,,,,,,,,,,,,,,,,,,,,,,,,,,,,,,,,,,,,,,,,,,,,,,,,,,,,,,,,,,,,,,,,
,,,,,,,,,,,,,,,,,,,,,,,,,,,,,,,,,,,,,,,,,,,,,,,,,,,,,,,,,,,,,,,,,,,,,,,,,,,,,,,,,,,,,,,,,,,,,,,,,,,,,,,,,,,,,,,,,,,,
,111,Wed Dec 11 2024 00:00:00 GMT+0900 (Japan Standard Time),PS Vita2000 ブラック,PS Vita2000 Black,20,20,,,,,,,,,,,,,,,,,,,,,,,,,,5,,15,complete,,,,,,,,,,,,,,,,,,,,,,,,,,,,,,,,,,,,,,,,,,,,,,,,,,,,,,,,,,,,,,,,,,,,,,,,,,,,,,,,,
,,,,,,,,,,,,,,,,,,,,,,,,,,,,,,,,,,,,,,,,,,,,,,,,,,,,,,,,,,,,,,,,,,,,,,,,,,,,,,,,,,,,,,,,,,,,,,,,,,,,,,,,,,,,,,,,,,,,
,120,Mon Dec 23 2024 00:00:00 GMT+0900 (Japan Standard Time),PS Vita2000 ブラック,PS Vita2000 Black,30,30,,,,,,,,,,,,,,,,,,,,,,,,,,,,,,,,,11,,5,6,,,8,complete,,,,,,,,,,,,,,,,,,,,,,,,,,,,,,,,,,,,,,,,,,,,,,,,,,,,,,,,,,,,,,,,,,,,,,
,,,,,,,,,,,,,,,,,,,,,,,,,,,,,,,,,,,,,,,,,,,,,,,,,,,,,,,,,,,,,,,,,,,,,,,,,,,,,,,,,,,,,,,,,,,,,,,,,,,,,,,,,,,,,,,,,,,,
,131,Tue Jan 07 2025 00:00:00 GMT+0900 (Japan Standard Time),PS Vita2000 ブラック,PS Vita2000 Black,30,30,,,,,,,,,,,,,,,,,,,,,,,,,,,,,,,,,,,,,,,,18,,,,,12,complete,,,,,,,,,,,,,,,,,,,,,,,,,,,,,,,,,,,,,,,,,,,,,,,,,,,,,,,,,,,,,,,,
,,,,,,,,,,,,,,,,,,,,,,,,,,,,,,,,,,,,,,,,,,,,,,,,,,,,,,,,,,,,,,,,,,,,,,,,,,,,,,,,,,,,,,,,,,,,,,,,,,,,,,,,,,,,,,,,,,,,
,132,Tue Jan 07 2025 00:00:00 GMT+0900 (Japan Standard Time),スイッチセット,Switch set,50,50,,,,,,,,,,,,,,,,,,,,,,,,,,,,,,,,,,,,,,6,,,,1,8,,4,,8,5,,,8,8,2,complete,,,,,,,,,,,,,,,,,,,,,,,,,,,,,,,,,,,,,,,,,,,,,,,,,,,,,,,,
,,,,,,,,,,,,,,,,,,,,,,,,,,,,,,,,,,,,,,,,,,,,,,,,,,,,,,,,,,,,,,,,,,,,,,,,,,,,,,,,,,,,,,,,,,,,,,,,,,,,,,,,,,,,,,,,,,,,
,135,Tue Jan 14 2025 00:00:00 GMT+0900 (Japan Standard Time),PSP,"PSP black, red, blue, green, silver and white.",30,30,,,,,,,,,,,,,,,,,,,,,,,,,,,,,,,,,,,,,,,,,,,,,7,,,7,1,,,,15,complete,,,,,,,,,,,,,,,,,,,,,,,,,,,,,,,,,,,,,,,,,,,,,,,,,,,,,,,,
,,,,,,,,,,,,,,,,,,,,,,,,,,,,,,,,,,,,,,,,,,,,,,,,,,,,,,,,,,,,,,,,,,,,,,,,,,,,,,,,,,,,,,,,,,,,,,,,,,,,,,,,,,,,,,,,,,,,
,136,Tue Jan 14 2025 00:00:00 GMT+0900 (Japan Standard Time),スイッチライト,Switch lite,100,100,,,,,,,,,,,,,,,,,,,,,,,,,,,,,,,,,,,,,,,,17,,3,,43,9,,,5,18,5,complete,,,,,,,,,,,,,,,,,,,,,,,,,,,,,,,,,,,,,,,,,,,,,,,,,,,,,,,,,,,
,,,,,,,,,,,,,,,,,,,,,,,,,,,,,,,,,,,,,,,,,,,,,,,,,,,,,,,,,,,,,,,,,,,,,,,,,,,,,,,,,,,,,,,,,,,,,,,,,,,,,,,,,,,,,,,,,,,,
,138,Wed Jan 15 2025 00:00:00 GMT+0900 (Japan Standard Time),スイッチタブレット,Switch tablet,100,100,,,,,,,,,,,,,,,,,,,,,,,,,,,,,,,,,,,,,,,,,,,,,1,,,11,14,,,,,,,28,15,,,20,,11,complete,,,,,,,,,,,,,,,,,,,,,,,,,,,,,,,,,,,,,,,,,,,,,,,
,,,,,,,,,,,,,,,,,,,,,,,,,,,,,,,,,,,,,,,,,,,,,,,,,,,,,,,,,,,,,,,,,,,,,,,,,,,,,,,,,,,,,,,,,,,,,,,,,,,,,,,,,,,,,,,,,,,,
,143,Wed Jan 22 2025 00:00:00 GMT+0900 (Japan Standard Time),PS Vita2000 ブラック,PS Vita2000 Black,30,30,,,,,,,,,,,,,,,,,,,,,,,,,,,,,,,,,,,,,,,,,,,,,,,,8,7,,,,,,,13,1,,,,,1,complete,,,,,,,,,,,,,,,,,,,,,,,,,,,,,,,,,,,,,,,,,,,,,,,
,,,,,,,,,,,,,,,,,,,,,,,,,,,,,,,,,,,,,,,,,,,,,,,,,,,,,,,,,,,,,,,,,,,,,,,,,,,,,,,,,,,,,,,,,,,,,,,,,,,,,,,,,,,,,,,,,,,,
,148,Wed Jan 29 2025 00:00:00 GMT+0900 (Japan Standard Time),スイッチライト,Switch lite,100,100,,,,,,,,,,,,,,,,,,,,,,,,,,,,,,,,,,,,,,,,,,,,,,,,,,46,,,,,4,9,32,9,complete,,,,,,,,,,,,,,,,,,,,,,,,,,,,,,,,,,,,,,,,,,,,,,,,,,,
,,,,,,,,,,,,,,,,,,,,,,,,,,,,,,,,,,,,,,,,,,,,,,,,,,,,,,,,,,,,,,,,,,,,,,,,,,,,,,,,,,,,,,,,,,,,,,,,,,,,,,,,,,,,,,,,,,,,
,,,返品・追加発送,Additional shipment for returns,,,,,,,,,,,,,,,,,,,,,,,,,,,,,,,,,,,,,,,,,,,,,,,,,,,,,,,,,,,,,,,,,,,,,,,,,,,,,,,,,,,,,,,,,,,,,,,,,,,,,,,,,,,,,,,,
,,,スイッチタブレット,Switch tablet,14,14,,,,,,,,,,,,,,,,,,,,,,,,,,,,,,,,,,,,,,,,,,,,,,,,,,,,,14,complete,,,,,,,,,,,,,,,,,,,,,,,,,,,,,,,,,,,,,,,,,,,,,,,,,,,,,,,,
,,,Vita 2000 ブラック,PS Vita2000 Black,9,9,,,,,,,,,,,,,,,,,,,,,,,,,,,,,,,,,,,,,,,,,,,,,,,,,,,,,6,complete,,3,,,,,,,,,,,,,,,,,,,,,,,,,,,,,,,,,,,,,,,,,,,,,,,,,,,,,,
,,,,,,,,,,,,,,,,,,,,,,,,,,,,,,,,,,,,,,,,,,,,,,,,,,,,,,,,,,,,,,,,,,,,,,,,,,,,,,,,,,,,,,,,,,,,,,,,,,,,,,,,,,,,,,,,,,,,
,153,Mon Feb 03 2025 00:00:00 GMT+0900 (Japan Standard Time),スイッチセット,Switch set,50,50,,,,,,,,,,,,,,,,,,,,,,,,,,,,,,,,,,,,,,,,,,,,,,,,,,,,,2,,8,2,,,8,2,,,10,,8,7,,,,,3,,,,,,,,,,,,,,,,,,,,,,,,,,,,,,,,,,,,,,,
,,,,,,,,,,,,,,,,,,,,,,,,,,,,,,,,,,,,,,,,,,,,,,,,,,,,,,,,,,,,,,,,,,,,,,,,,,,,,,,,,,,,,,,,,,,,,,,,,,,,,,,,,,,,,,,,,,,,
,159,Sat Feb 08 2025 00:00:00 GMT+0900 (Japan Standard Time),PSP,"PSP black, red, blue, green, silver and white. ",50,50,,,,,,,,,,,,,,,,,,,,,,,,,,,,,,,,,,,,,,,,,,,,,,,,,,,,,,,,,,36,,14,complete,,,,,,,,,,,,,,,,,,,,,,,,,,,,,,,,,,,,,,,,,,,,,,,,,
,,,,"add,1",,,,,,,,,,,,,,,,,,,,,,,,,,,,,,,,,,,,,,,,,,,,,,,,,,,,,,,,,,,,,,1,complete,,,,,,,,,,,,,,,,,,,,,,,,,,,,,,,,,,,,,,,,,,,,,,,,,
,160,Sat Feb 08 2025 00:00:00 GMT+0900 (Japan Standard Time),PS Vita2000 ブラック,PS Vita 2000 Black,50,50,,,,,,,,,,,,,,,,,,,,,,,,,,,,,,,,,,,,,,,,,,,,,,,,,,,,,,,,,,,,,,2,,27,,,21,complete,,,,,,,,,,,,,,,,,,,,,,,,,,,,,,,,,,,,,,,,,,
,,,,,,,,,,,,,,,,,,,,,,,,,,,,,,,,,,,,,,,,,,,,,,,,,,,,,,,,,,,,,,,,,,,,,,,,,,,,,,,,,,,,,,,,,,,,,,,,,,,,,,,,,,,,,,,,,,,,
,171,Tue Feb 18 2025 00:00:00 GMT+0900 (Japan Standard Time),PSP,"PSP black, red, blue, green, silver and white.",50,50,,,,,,,,,,,,,,,,,,,,,,,,,,,,,,,,,,,,,,,,,,,,,,,,,,,,,,,,,,,,,,44,,6,complete,,,,,,,,,,,,,,,,,,,,,,,,,,,,,,,,,,,,,,,,,,,,,
,,,,,,,,,,,,,,,,,,,,,,,,,,,,,,,,,,,,,,,,,,,,,,,,,,,,,,,,,,,,,,,,,,,,,,,,,,,,,,,,,,,,,,,,,,,,,,,,,,,,,,,,,,,,,,,,,,,,
,183,Tue Feb 25 2025 00:00:00 GMT+0900 (Japan Standard Time),スイッチタブレット,Switch tablet,50,50,,,,,,,,,,,,,,,,,,,,,,,,,,,,,,,,,,,,,,,,,,,,,,,,,,,,,,,,,,,,,,,,2,,,13,,,,,,21,,,,14,complete,,,,,,,,,,,,,,,,,,,,,,,,,,,,,,,,
,,,,,,,,,,,,,,,,,,,,,,,,,,,,,,,,,,,,,,,,,,,,,,,,,,,,,,,,,,,,,,,,,,,,,,,,,,,,,,,,,,,,,,,,,,,,,,,,,,,,,,,,,,,,,,,,,,,,
,189,Mon Mar 03 2025 00:00:00 GMT+0900 (Japan Standard Time),PSP,"PSP black, red, blue, green, silver and white.",50,50,,,,,,,,,,,,,,,,,,,,,,,,,,,,,,,,,,,,,,,,,,,,,,,,,,,,,,,,,,,,,,,,18,,,7,,25,complete,,,,,,,,,,,,,,,,,,,,,,,,,,,,,,,,,,,,,,,,
,,,,,,,,,,,,,,,,,,,,,,,,,,,,,,,,,,,,,,,,,,,,,,,,,,,,,,,,,,,,,,,,,,,,,,,,,blue7,,,,,,,,,,,,,,,,,,,,,,,,,,,,,,,,,,,,,,,,,,,
,191,Mon Mar 03 2025 00:00:00 GMT+0900 (Japan Standard Time),スイッチライト,Switch lite,20,20,,,,,,,,,,,,,,,,,,,,,,,,,,,,,,,,,,,,,,,,,,,,,,,,,,,,,,,,,,,,,,,,,,4,16,complete,,,,,,,,,,,,,,,,,,,,,,,,,,,,,,,,,,,,,,,,,,
,,,,,,,,,,,,,,,,,,,,,,,,,,,,,,,,,,,,,,,,,,,,,,,,,,,,,,,,,,,,,,,,,,,,,,,,,,,,,,,,,,,,,,,,,,,,,,,,,,,,,,,,,,,,,,,,,,,,
,203,Tue Mar 04 2025 00:00:00 GMT+0900 (Japan Standard Time),PS Vita 2000 ブラック,PS Vita 2000 Black,50,50,,,,,,,,,,,,,,,,,,,,,,,,,,,,,,,,,,,,,,,,,,,,,,,,,,,,,,,,,,,,,,,,,,,,,,8,,,12,,,,9,,,,12,,,,,9,,,,,,,,,,,,,,,,,,,,,,,,
,,,,,,,,,,,,,,,,,,,,,,,,,,,,,,,,,,,,,,,,,,,,,,,,,,,,,,,,,,,,,,,,,,,,,,,,,,,,,,,,,,,,,,,,,,,,,,,,,,,,,,,,,,,,,,,,,,,,
,204,Tue Mar 04 2025 00:00:00 GMT+0900 (Japan Standard Time),スイッチセット,Switch set,50,50,,,,,,,,,,,,,,,,,,,,,,,,,,,,,,,,,,,,,,,,,,,,,,,,,,,,,,,,,,,,,,,,,,,,,,,5,6,,8,8,8,,,,6,,8,1,complete,,,,,,,,,,,,,,,,,,,,,,,,,,
,,,,replace,,,,,,,,,,,,,,,,,,,,,,,,,,,,,,,,,,,,,,,,,,,,,,,,,,,,,,,,,,,,,,,,,,,,,,,,,,,,,,,,,,,,,,,,,,,,,,,,,,,,,,,,,,,,,,,,
,replace,,,Switch lite,32,32,,,,,,,,,,,,,,,,,,,,,,,,,,,,,,,,,,,,,,,,,,,,,,,,,,,,,,,,,,,,,,,,,,,,,,8,,,5,,,,19,complete,,,,,,,,,,,,,,,,,,,,,,,,,,,,,,,,
,,,,PSP3000,2,2,,,,,,,,,,,,,,,,,,,,,,,,,,,,,,,,,,,,,,,,,,,,,,,,,,,,,,,,,,,,,,,,,,,,,,2,,,,,,,,,,,,,,,,,,,,,,,,,,,,,,,,,,,,,,,,
,,,,PSVita2000,6,6,,,,,,,,,,,,,,,,,,,,,,,,,,,,,,,,,,,,,,,,,,,,,,,,,,,,,,,,,,,,,,,,,,,,,,6,,,,,,,,,,,,,,,,,,,,,,,,,,,,,,,,,,,,,,,,
,,,,,,,,,,,,,,,,,,,,,,,,,,,,,,,,,,,,,,,,,,,,,,,,,,,,,,,,,,,,,,,,,,,,,,,,,,,,,,,,,,,,,,,,,,,,,,,,,,,,,,,,,,,,,,,,,,,,
,211,Mon Mar 10 2025 00:00:00 GMT+0900 (Japan Standard Time),PSP,"PSP black, red, blue, green, silver and white.",100,100,,,,,,,,,,,,,,,,,,,,,,,,,,,,,,,,,,,,,,,,,,,,,,,,,,,,,,,,,,,,,,,,,,,,,,35,,27,4,,,,,,34,complete,,,,,,,,,,,,,,,,,,,,,,,,,,,,,,
,,,,,,,,,,,,,,,,,,,,,,,,,,,,,,,,,,,,,,,,,,,,,,,,,,,,,,,,,,,,,,,,,,,,,,,,,,,,,,,,,,,,,,,,,,,,,,,,,,,,,,,,,,,,,,,,,,,,
,218,Wed Mar 19 2025 00:00:00 GMT+0900 (Japan Standard Time),PSP,"PSP black, red, blue, green, silver and white.",100,100,,,,,,,,,,,,,,,,,,,,,,,,,,,,,,,,,,,,,,,,,,,,,,,,,,,,,,,,,,,,,,,,,,,,,,,,,,,,,,,13,11,18,,,,,28,,,,,30,,,,,,,,,,,,,,,,,,,
,,,,,,,,,,,,,,,,,,,,,,,,,,,,,,,,,,,,,,,,,,,,,,,,,,,,,,,,,,,,,,,,,,,,,,,,,,,,,,,,,,,,,,,,,,,,,,,,,,,,,,,,,,,,,,,,,,,,
,226,Tue Mar 25 2025 00:00:00 GMT+0900 (Japan Standard Time),スイッチセット,Switch set,50,50,,,,,,,,,,,,,,,,,,,,,,,,,,,,,,,,,,,,,,,,,,,,,,,,,,,,,,,,,,,,,,,,,,,,,,,,,,,,,,,,,,,7,8,8,1,8,8,8,2,,,,,,,,,,,,,,,,,,,,
,,,,,,,,,,,,,,,,,,,,,,,,,,,,,,,,,,,,,,,,,,,,,,,,,,,,,,,,,,,,,,,,,,,,,,,,,,,,,,,,,,,,,,,,,,,,,,,,,,,,,,,,,,,,,,,,,,,,
,244,Thu Apr 03 2025 00:00:00 GMT+0900 (Japan Standard Time),PSP,"PSP black, red, blue, green, silver and white.",100,100,,,,,,,,,,,,,,,,,,,,,,,,,,,,,,,,,,,,,,,,,,,,,,,,,,,,,,,,,,,,,,,,,,,,,,,,,,,,,,,,,,,,,,,,,,,23,,,31,23,,,23,,,,,,,,,,,,
,,,,,,,,,,,,,,,,,,,,,,,,,,,,,,,,,,,,,,,,,,,,,,,,,,,,,,,,,,,,,,,,,,,,,,,,,,,,,,,,,,,,,,,,,,,,,,,,,,,,,,,,,,,,,,,,,,,,
,245,Thu Apr 03 2025 00:00:00 GMT+0900 (Japan Standard Time),PS Vita 2000 ブラック,PS Vita 2000 Black,50,55,,,,,,,,,,,,,,,,,,,,,,,,,,,,,,,,,,,,,,,,,,,,,,,,,,,,,,,,,,,,,,,,,,,,,,,,,,,,,,,,,,,,,,,,,,10,12,,,13,,,,,4,4,,,,12,,,,,,
,,,,,55,55,,,,,,,,,,,,,,,,,,,,,,,,,,,,,,,,,,,,,,,,,,,,,,,,,,,,,,,,,,,,,,,,,,,,,,,,,,,,,,,,,,,,,,,,,,,,,,,,,,,,,,,,complete,,,,,,
,251,Fri Apr 11 2025 00:00:00 GMT+0900 (Japan Standard Time),スイッチセット,Switch set,50,50,,,,,,,,,,,,,,,,,,,,,,,,,,,,,,,,,,,,,,,,,,,,,,,,,,,,,,,,,,,,,,,,,,,,,,,,,,,,,,,,,,,,,,,,,,5,,8,8,3,,8,8,,5,,,,,,5,,,,,
,,,,,50,50,,,,,,,,,,,,,,,,,,,,,,,,,,,,,,,,,,,,,,,,,,,,,,,,,,,,,,,,,,,,,,,,,,,,,,,,,,,,,,,,,,,,,,,,,,,,,,,,,,,,,,,,,,,,,,
,254,Fri Apr 18 2025 00:00:00 GMT+0900 (Japan Standard Time),スイッチタブレット,Switch tablet,50,50,,,,,,,,,,,,,,,,,,,,,,,,,,,,,,,,,,,,,,,,,,,,,,,,,,,,,,,,,,,,,,,,,,,,,,,,,,,,,,,,,,,,,,,,,,,,,,,26,,,6,10,8,,,,,,,,,,
,,,,,,,,,,,,,,,,,,,,,,,,,,,,,,,,,,,,,,,,,,,,,,,,,,,,,,,,,,,,,,,,,,,,,,,,,,,,,,,,,,,,,,,,,,,,,,,,,,,,,,,,,,complete,,,,,,,,,,
,256,Mon Apr 21 2025 00:00:00 GMT+0900 (Japan Standard Time),PSP,"PSP black, red, blue, green, silver and white.",100,81,,,,,,,,,,,,,,,,,,,,,,,,,,,,,,,,,,,,,,,,,,,,,,,,,,,,,,,,,,,,,,,,,,,,,,,,,,,,,,,,,,,,,,,,,,,,,,,,,,39,,,,,32,10,,,,,,
,,,,,110,81,,,,,,,,,,,,,,,,,,,,,,,,,,,,,,,,,,,,,,,,,,,,,,,,,,,,,,,,,,,,,,,,,,,,,,,,,,,,,,,,,,,,,,,,,,,,,,,,,,,,,,,,,,,,,,
,263,Thu Apr 24 2025 00:00:00 GMT+0900 (Japan Standard Time),スイッチライト,Switch lite,50,55,,,,,,,,,,,,,,,,,,,,,,,,,,,,,,,,,,,,,,,,,,,,,,,,,,,,,,,,,,,,,,,,,,,,,,,,,,,,,,,,,,,,,,,,,,,,,,,,,,,,4,8,8,24,11,,,,,,
,,,,,55,55,,,,,,,,,,,,,,,,,,,,,,,,,,,,,,,,,,,,,,,,,,,,,,,,,,,,,,,,,,,,,,,,,,,,,,,,,,,,,,,,,,,,,,,,,,,,,,,,,,,,,,,,complete,,,,,,
,264,Thu Apr 24 2025 00:00:00 GMT+0900 (Japan Standard Time),switch有機タブレット,Switch OLED tablet,50,34,,,,,,,,,,,,,,,,,,,,,,,,,,,,,,,,,,,,,,,,,,,,,,,,,,,,,,,,,,,,,,,,,,,,,,,,,,,,,,,,,,,,,,,,,,,,,,,,,,,,22,,,,12,,,,,,
,,,,,,,,,,,,,,,,,,,,,,,,,,,,,,,,,,,,,,,,,,,,,,,,,,,,,,,,,,,,,,,,,,,,,,,,,,,,,,,,,,,,,,,,,,,,,,,,,,,,,,,,,,,,,,,,,,,,
,265,Thu Apr 24 2025 00:00:00 GMT+0900 (Japan Standard Time),スイッチセット,Switch set,50,19,,,,,,,,,,,,,,,,,,,,,,,,,,,,,,,,,,,,,,,,,,,,,,,,,,,,,,,,,,,,,,,,,,,,,,,,,,,,,,,,,,,,,,,,,,,,,,,,,,,, ,,,,,3,8,8,,,
,,,,,55,19,,,,,,,,,,,,,,,,,,,,,,,,,,,,,,,,,,,,,,,,,,,,,,,,,,,,,,,,,,,,,,,,,,,,,,,,,,,,,,,,,,,,,,,,,,,,,,,,,,,,,,,,,,,,,,
,,,,,,,,,,,,,,,,,,,,,,,,,,,,,,,,,,,,,,,,,,,,,,,,,,,,,,,,,,,,,,,,,,,,,,,,,,,,,,,,,,,,,,,,,,,,,,,,,,,,,,,,,,,,,,,,,,,,
,293,Thu Jun 19 2025 00:00:00 GMT+0900 (Japan Standard Time),3DS ランダムカラー,3DS Random color,30,39,,,,,,,,,,,,,,,,,,,,,,,,,,,,,,,,,,,,,,,,,,,,,,,,,,,,,,,,,,,,,,,,,,,,,,,,,,,,,,,,,,,,,,,,,,,,,,,,,,,,,,,,,,,,30,9,
,,,,,39,39,,,,,,,,,,,,,,,,,,,,,,,,,,,,,,,,,,,,,,,,,,,,,,,,,,,,,,,,,,,,,,,,,,,,,,,,,,,,,,,,,,,,,,,,,,,,,,,,,,,,,,,,,,,,,,
,294,Thu Jun 19 2025 00:00:00 GMT+0900 (Japan Standard Time),3DSLL ランダムカラー,3DSLL Random color,30,30,,,,,,,,,,,,,,,,,,,,,,,,,,,,,,,,,,,,,,,,,,,,,,,,,,,,,,,,,,,,,,,,,,,,,,,,,,,,,,,,,,,,,,,,,,,,,,,,,,,,,,,,,,,,13,8,9
,,,,,,,,,,,,,,,,,,,,,,,,,,,,,,,,,,,,,,,,,,,,,,,,,,,,,,,,,,,,,,,,,,,,,,,,,,,,,,,,,,,,,,,,,,,,,,,,,,,,,,,,,,,,,,,,,,,,
,295,Thu Jun 19 2025 00:00:00 GMT+0900 (Japan Standard Time),DS lite ランダムカラー,DS lite Random color,30,30,,,,,,,,,,,,,,,,,,,,,,,,,,,,,,,,,,,,,,,,,,,,,,,,,,,,,,,,,,,,,,,,,,,,,,,,,,,,,,,,,,,,,,,,,,,,,,,,,,,,,,,,,,,,,30,