   ,,,,,,,,,,,,,,,,,,,,,,,,,,,,,,,,,,,,,,,,,,,,,,,,,,,,,,,,,,,,,,,,,,,,,,,,,,,,,,,,,,,,,,,,,,,,,,,,,,,,, ,,,,,,,
,インボイス No.,支払い,https://docs.google.com/spreadsheets/d/102f7eeYqYE0sp_EPbwHE5AeSHEDN_qq0TCffckqpTig/edit?gid=0#gid=0,,,,Fri Nov 22 2024 00:00:00 GMT+0900 (Japan Standard Time),,,,Mon Dec 02 2024 00:00:00 GMT+0900 (Japan Standard Time),,Thu Dec 05 2024 00:00:00 GMT+0900 (Japan Standard Time),,Sat Dec 07 2024 00:00:00 GMT+0900 (Japan Standard Time),,Sat Dec 14 2024 00:00:00 GMT+0900 (Japan Standard Time),Fri Dec 20 2024 00:00:00 GMT+0900 (Japan Standard Time),Tue Dec 24 2024 00:00:00 GMT+0900 (Japan Standard Time),,Tue Jan 07 2025 00:00:00 GMT+0900 (Japan Standard Time),,Fri Jan 10 2025 00:00:00 GMT+0900 (Japan Standard Time),,Sat Jan 11 2025 00:00:00 GMT+0900 (Japan Standard Time),Tue Jan 21 2025 00:00:00 GMT+0900 (Japan Standard Time),,Thu Jan 23 2025 00:00:00 GMT+0900 (Japan Standard Time),,Sat Feb 01 2025 00:00:00 GMT+0900 (Japan Standard Time),,Mon Feb 03 2025 00:00:00 GMT+0900 (Japan Standard Time),,Fri Feb 07 2025 00:00:00 GMT+0900 (Japan Standard Time),,Sun Feb 09 2025 00:00:00 GMT+0900 (Japan Standard Time),Sat Feb 15 2025 00:00:00 GMT+0900 (Japan Standard Time),Tue Feb 25 2025 00:00:00 GMT+0900 (Japan Standard Time),Wed Feb 26 2025 00:00:00 GMT+0900 (Japan Standard Time),Sat Mar 01 2025 00:00:00 GMT+0900 (Japan Standard Time),Mon Mar 03 2025 00:00:00 GMT+0900 (Japan Standard Time),Tue Mar 04 2025 00:00:00 GMT+0900 (Japan Standard Time),,3/4②,Fri Mar 07 2025 00:00:00 GMT+0900 (Japan Standard Time),Thu Mar 13 2025 00:00:00 GMT+0900 (Japan Standard Time),Fri Mar 14 2025 00:00:00 GMT+0900 (Japan Standard Time),Tue Mar 18 2025 00:00:00 GMT+0900 (Japan Standard Time),,,Fri Mar 21 2025 00:00:00 GMT+0900 (Japan Standard Time),,Wed Apr 02 2025 00:00:00 GMT+0900 (Japan Standard Time),Wed Apr 02 2025 00:00:00 GMT+0900 (Japan Standard Time),Sat Apr 05 2025 00:00:00 GMT+0900 (Japan Standard Time),,Mon Apr 07 2025 00:00:00 GMT+0900 (Japan Standard Time),Mon Apr 07 2025 00:00:00 GMT+0900 (Japan Standard Time),Tue Apr 15 2025 00:00:00 GMT+0900 (Japan Standard Time),Thu Apr 24 2025 00:00:00 GMT+0900 (Japan Standard Time),Sat Apr 26 2025 00:00:00 GMT+0900 (Japan Standard Time),Fri May 09 2025 00:00:00 GMT+0900 (Japan Standard Time),Mon May 12 2025 00:00:00 GMT+0900 (Japan Standard Time),Tue May 13 2025 00:00:00 GMT+0900 (Japan Standard Time),Wed May 14 2025 00:00:00 GMT+0900 (Japan Standard Time),,Sat May 31 2025 00:00:00 GMT+0900 (Japan Standard Time),,,,Tue Jun 24 2025 00:00:00 GMT+0900 (Japan Standard Time),,Fri Sep 26 2025 00:00:00 GMT+0900 (Japan Standard Time),,,Thu Oct 09 2025 00:00:00 GMT+0900 (Japan Standard Time),Fri Oct 17 2025 00:00:00 GMT+0900 (Japan Standard Time),,Thu Nov 06 2025 00:00:00 GMT+0900 (Japan Standard Time),Tue Nov 11 2025 00:00:00 GMT+0900 (Japan Standard Time),Mon Nov 17 2025 00:00:00 GMT+0900 (Japan Standard Time),Thu Nov 20 2025 00:00:00 GMT+0900 (Japan Standard Time),Thu Nov 27 2025 00:00:00 GMT+0900 (Japan Standard Time),Thu Dec 04 2025 00:00:00 GMT+0900 (Japan Standard Time),Thu Dec 04 2025 00:00:00 GMT+0900 (Japan Standard Time),Tue Dec 09 2025 00:00:00 GMT+0900 (Japan Standard Time),,Fri Dec 12 2025 00:00:00 GMT+0900 (Japan Standard Time),,Tue Dec 16 2025 00:00:00 GMT+0900 (Japan Standard Time),Tue Dec 23 2025 00:00:00 GMT+0900 (Japan Standard Time),,,,Fri Jan 23 2026 00:00:00 GMT+0900 (Japan Standard Time),Thu Feb 05 2026 00:00:00 GMT+0900 (Japan Standard Time),Fri Feb 06 2026 00:00:00 GMT+0900 (Japan Standard Time),Sun Feb 08 2026 00:00:00 GMT+0900 (Japan Standard Time),Mon Feb 16 2026 00:00:00 GMT+0900 (Japan Standard Time),Mon Feb 16 2026 00:00:00 GMT+0900 (Japan Standard Time),Fri Feb 20 2026 00:00:00 GMT+0900 (Japan Standard Time),,Mon Feb 23 2026 00:00:00 GMT+0900 (Japan Standard Time),Thu Feb 26 2026 00:00:00 GMT+0900 (Japan Standard Time),Thu Feb 26 2026 00:00:00 GMT+0900 (Japan Standard Time),Thu Feb 26 2026 00:00:00 GMT+0900 (Japan Standard Time),Tue Mar 03 2026 00:00:00 GMT+0900 (Japan Standard Time),
,invoice,Date of payment,,,,shipped,770148864175,,770149120173,,770398953825,,770511825090,,770564434570,,770760515772,770924575098,771001794457,,771248759242,,771333209509,,771356478788,771559364809,,771624571193,,771805854442,,771815236448,,771934126887,,771959394170,772096445115,772290017111,772298104799,772403096461,772403350939,772463861692,,772464033013,772549487462,772687451031,772715553475,772793151650,,,772872439401,,880250533586,880250667256,880325159290,,880342420018,880352556115,880559947968,880766645758,880823328150,881136183009,881137331404,881137451545,881247038860,,881670318237,881670602821,881670462225,,882257289990,,884682453164,884872597193,,,885258695513,,885805108800,885925640720,886104085417,886212975477,886448125179,886721843293,886721920137,886863681975,886864023376,887006992887,887006942600,887131351921,887365425725,887365540680,887365619655,887757132401,888144419950,888509469830,888534637381,888580846439,888792382178,888799538930,888927321041,888927605580,888976036467,889089866500,889098476251,889098858014,889228214897,889228775870
,93,Tue Nov 19 2024 00:00:00 GMT+0900 (Japan Standard Time),PSPGO 液晶ダメージあり,PSPGO,10,888799644775,,,,,,,,,10,complete,,,,,,,,,,,,,,,,,,,,,,,,,,,,,,,,,,,,,,,,,,,,,,,,,,,,,,,,,,,,,,,,,,,,,,,,,,,,,,,,,,,,,888799644765,,,,,,,
,,,,,,,,,,,,,,,,,,,,,,,,,,,,,,,,,,,,,,,,,,,,,,,,,,,,,,,,,,,,,,,,,,,,,,,,,,,,,,,,,,,,,,,,,,,,,,,,,,,,,,,,,,,,
,94,Tue Nov 19 2024 00:00:00 GMT+0900 (Japan Standard Time),Vita1000&2000,Vita1000&2000,9,9,9,complete,,,,,,,,,,,,,,,,,,,,,,,,,,,,,,,,,,,,,,,,,,,,,,,,,,,,,,,,,,,,,,,,,,,,,,,,,,,,,,,,,,,,,,,,,,,,,,,,,,,,
,,,,,,,,,,,,,,,,,,,,,,,,,,,,,,,,,,,,,,,,,,,,,,,,,,,,,,,,,,,,,,,,,,,,,,,,,,,,,,,,,,,,,,,,,,,,,,,,,,,,,,,,,,,,
,95,Tue Nov 19 2024 00:00:00 GMT+0900 (Japan Standard Time),PSP 3000 ランダムカラー,PSP 3000 Random color,15,15,,,15,complete,,,,,,,,,,,,,,,,,,,,,,,,,,,,,,,,,,,,,,,,,,,,,,,,,,,,,,,,,,,,,,,,,,,,,,,,,,,,,,,,,,,,,,,,,,,,,,,,,,
,,,,,,,,,,,,,,,,,,,,,,,,,,,,,,,,,,,,,,,,,,,,,,,,,,,,,,,,,,,,,,,,,,,,,,,,,,,,,,,,,,,,,,,,,,,,,,,,,,,,,,,,,,,,
,100,Mon Nov 25 2024 00:00:00 GMT+0900 (Japan Standard Time),New 3DSLL,New 3DSLL,13,13,,,,,13,complete,,,,,,,,,,,,,,,,,,,,,,,,,,,,,,,,,,,,,,,,,,,,,,,,,,,,,,,,,,,,,,,,,,,,,,,,,,,,,,,,,,,,,,,,,,,,,,,,
,,,,,,,,,,,,,,,,,,,,,,,,,,,,,,,,,,,,,,,,,,,,,,,,,,,,,,,,,,,,,,,,,,,,,,,,,,,,,,,,,,,,,,,,,,,,,,,,,,,,,,,,,,,,
,105,Mon Dec 02 2024 00:00:00 GMT+0900 (Japan Standard Time),Vita1000&2000,Vita1000&2000,10,10,,,,,,,10,complete,,,,,,,,,,,,,,,,,,,,,,,,,,,,,,,,,,,,,,,,,,,,,,,,,,,,,,,,,,,,,,,,,,,,,,,,,,,,,,,,,,,,,,,,,,,,,,
,,,,,,,,,,,,,,,,,,,,,,,,,,,,,,,,,,,,,,,,,,,,,,,,,,,,,,,,,,,,,,,,,,,,,,,,,,,,,,,,,,,,,,,,,,,,,,,,,,,,,,,,,,,,
,114,Fri Dec 13 2024 00:00:00 GMT+0900 (Japan Standard Time),"PS Vita 1000 x 2 , 2000 x 10","PS Vita 1000 x 2 , 2000 x 10",12,12,,,,,,,,,,,12,,,,,,,,,,,,,,,,,,,,,,,,,,,,,,,,,,,,,,,,,,,,,,,,,,,,,,,,,,,,,,,,,,,,,,,,,,,,,,,,,,,,,,,,,,,
,,,,,,,,,,,,,,,,,complete,,,,,,,,,,,,,,,,,,,,,,,,,,,,,,,,,,,,,,,,,,,,,,,,,,,,,,,,,,,,,,,,,,,,,,,,,,,,,,,,,,,,,,,,,,,
,115,Fri Dec 13 2024 00:00:00 GMT+0900 (Japan Standard Time),New 3DSLL ,New 3DSLL ,13,13,,,,,,,,,,,,5,8,complete,,,,,,,,,,,,,,,,,,,,,,,,,,,,,,,,,,,,,,,,,,,,,,,,,,,,,,,,,,,,,,,,,,,,,,,,,,,,,,,,,,,,,,,,
,,,,,,,,,,,,,,,,,,,,,,,,,,,,,,,,,,,,,,,,,,,,,,,,,,,,,,,,,,,,,,,,,,,,,,,,,,,,,,,,,,,,,,,,,,,,,,,,,,,,,,,,,,,,
,118,Thu Dec 19 2024 00:00:00 GMT+0900 (Japan Standard Time),Vita2000,Vita2000,10,10,,,,,,,,,,,,10,complete,,,,,,,,,,,,,,,,,,,,,,,,,,,,,,,,,,,,,,,,,,,,,,,,,,,,,,,,,,,,,,,,,,,,,,,,,,,,,,,,,,,,,,,,,
,,,,,,,,,,,,,,,,,,,,,,,,,,,,,,,,,,,,,,,,,,,,,,,,,,,,,,,,,,,,,,,,,,,,,,,,,,,,,,,,,,,,,,,,,,,,,,,,,,,,,,,,,,,,
,121,Fri Dec 20 2024 00:00:00 GMT+0900 (Japan Standard Time),ゲームボーイカラー,Gameboy color ,5,5,,,,,,,,,,,,,3,,,,2,complete,,,,,,,,,,,,,,,,,,,,,,,,,,,,,,,,,,,,,,,,,,,,,,,,,,,,,,,,,,,,,,,,,,,,,,,,,,,,,,,,,,,,
,,,ゲームボーイアドバンス,Gameboy advance,5,5,,,,,,,,,,,,,5,complete,,,,,,,,,,,,,,,,,,,,,,,,,,,,,,,,,,,,,,,,,,,,,,,,,,,,,,,,,,,,,,,,,,,,,,,,,,,,,,,,,,,,,,,,
,,,,,,,,,,,,,,,,,,,,,,,,,,,,,,,,,,,,,,,,,,,,,,,,,,,,,,,,,,,,,,,,,,,,,,,,,,,,,,,,,,,,,,,,,,,,,,,,,,,,,,,,,,,,
,127,Mon Jan 06 2025 00:00:00 GMT+0900 (Japan Standard Time),PS Vita,PS Vita,18,18,,,,,,,,,,,,,,,18,complete,,,,,,,,,,,,,,,,,,,,,,,,,,,,,,,,,,,,,,,,,,,,,,,,,,,,,,,,,,,,,,,,,,,,,,,,,,,,,,,,,,,,,,
,,,(ゲームボーイカラー),(Gameboy color),2,0,,,,,,,,,,,,,,,,,,,,,,,,,,,,,,,,,,,,,,,,,,,,,,,,,,,,,,,,,,,,,,,,,,,,,,,,,,,,,,,,,,,,,,,,,,,,,,,,,,,,,,
,,,,,,,,,,,,,,,,,,,,,,,,,,,,,,,,,,,,,,,,,,,,,,,,,,,,,,,,,,,,,,,,,,,,,,,,,,,,,,,,,,,,,,,,,,,,,,,,,,,,,,,,,,,,
,128,Mon Jan 06 2025 00:00:00 GMT+0900 (Japan Standard Time),PSP 3000,PSP 3000,15,15,,,,,,,,,,,,,,,,,,,15,complete,,,,,,,,,,,,,,,,,,,,,,,,,,,,,,,,,,,,,,,,,,,,,,,,,,,,,,,,,,,,,,,,,,,,,,,,,,,,,,,,,,
,,,,,,,,,,,,,,,,,,,,,,,,,,,,,,,,,,,,,,,,,,,,,,,,,,,,,,,,,,,,,,,,,,,,,,,,,,,,,,,,,,,,,,,,,,,,,,,,,,,,,,,,,,,,
,130,Mon Jan 06 2025 00:00:00 GMT+0900 (Japan Standard Time),PS Vita 1000,PS Vita 1000,10,10,,,,,,,,,,,,,,,,,10,complete,,,,,,,,,,,,,,,,,,,,,,,,,,,,,,,,,,,,,,,,,,,,,,,,,,,,,,,,,,,,,,,,,,,,,,,,,,,,,,,,,,,,
,,,,,,,,,,,,,,,,,,,,,,,,,,,,,,,,,,,,,,,,,,,,,,,,,,,,,,,,,,,,,,,,,,,,,,,,,,,,,,,,,,,,,,,,,,,,,,,,,,,,,,,,,,,,
,139,Wed Jan 15 2025 00:00:00 GMT+0900 (Japan Standard Time),New 3DSLL,New 3DSLL,10,10,,,,,,,,,,,,,,,,,,,,1,,9,complete,,,,,,,,,,,,,,,,,,,,,,,,,,,,,,,,,,,,,,,,,,,,,,,,,,,,,,,,,,,,,,,,,,,,,,,,,,,,,,,
,,,,,,,,,,,,,,,,,,,,,,,,,,,,,,,,,,,,,,,,,,,,,,,,,,,,,,,,,,,,,,,,,,,,,,,,,,,,,,,,,,,,,,,,,,,,,,,,,,,,,,,,,,,,
,140,Wed Jan 15 2025 00:00:00 GMT+0900 (Japan Standard Time),New 3DS,New 3DS,4,4,,,,,,,,,,,,,,,,,,,,3,,1,complete,,,,,,,,,,,,,,,,,,,,,,,,,,,,,,,,,,,,,,,,,,,,,,,,,,,,,,,,,,,,,,,,,,,,,,,,,,,,,,,
,,,New 2DSLL,New 2DSLL,4,4,,,,,,,,,,,,,,,,,,,,4,complete,,,,,,,,,,,,,,,,,,,,,,,,,,,,,,,,,,,,,,,,,,,,,,,,,,,,,,,,,,,,,,,,,,,,,,,,,,,,,,,,,
,,,,,,,,,,,,,,,,,,,,,,,,,,,,,,,,,,,,,,,,,,,,,,,,,,,,,,,,,,,,,,,,,,,,,,,,,,,,,,,,,,,,,,,,,,,,,,,,,,,,,,,,,,,,
,149,Thu Jan 30 2025 00:00:00 GMT+0900 (Japan Standard Time),DSi LL,DSi LL,15,15,,,,,,,,,,,,,,,,,,,,,,,,,,,,14,,1,complete,,,,,,,,,,,,,,,,,,,,,,,,,,,,,,,,,,,,,,,,,,,,,,,,,,,,,,,,,,,,,,,,,,,,,,,
,,,,,,,,,,,,,,,,,,,,,,,,,,,,,,,,,,,,,,,,,,,,,,,,,,,,,,,,,,,,,,,,,,,,,,,,,,,,,,,,,,,,,,,,,,,,,,,,,,,,,,,,,,,,
,151,Fri Jan 31 2025 00:00:00 GMT+0900 (Japan Standard Time),Vita1000,Vita1000,10,10,,,,,,,,,,,,,,,,,,,,,,,,10,complete,,,,,,,,,,,,,,,,,,,,,,,,,,,,,,,,,,,,,,,,,,,,,,,,,,,,,,,,,,,,,,,,,,,,,,,,,,,,,
,,,,,,,,,,,,,,,,,,,,,,,,,,,,,,,,,,,,,,,,,,,,,,,,,,,,,,,,,,,,,,,,,,,,,,,,,,,,,,,,,,,,,,,,,,,,,,,,,,,,,,,,,,,,
,152,Fri Jan 31 2025 00:00:00 GMT+0900 (Japan Standard Time),Vita2000,Vita2000,13,13,,,,,,,,,,,,,,,,,,,,,,,,,,13,complete,,,,,,,,,,,,,,,,,,,,,,,,,,,,,,,,,,,,,,,,,,,,,,,,,,,,,,,,,,,,,,,,,,,,,,,,,,,
,,,,,,,,,,,,,,,,,,,,,,,,,,,,,,,,,,,,,,,,,,,,,,,,,,,,,,,,,,,,,,,,,,,,,,,,,,,,,,,,,,,,,,,,,,,,,,,,,,,,,,,,,,,,
,154,Mon Feb 03 2025 00:00:00 GMT+0900 (Japan Standard Time),New2DSLL,New2DSLL,4,4,,,,,,,,,,,,,,,,,,,,,,,,,,,,4,complete,,,,,,,,,,,,,,,,,,,,,,,,,,,,,,,,,,,,,,,,,,,,,,,,,,,,,,,,,,,,,,,,,,,,,,,,,
,,Mon Feb 03 2025 00:00:00 GMT+0900 (Japan Standard Time),New3DS,New3DS,4,4,,,,,,,,,,,,,,,,,,,,,,,,,,,,2,,2,complete,,,,,,,,,,,,,,,,,,,,,,,,,,,,,,,,,,,,,,,,,,,,,,,,,,,,,,,,,,,,,,,,,,,,,,,
,,Mon Feb 03 2025 00:00:00 GMT+0900 (Japan Standard Time),3DSLL,3DSLL,4,4,,,,,,,,,,,,,,,,,,,,,,,,,,,,4,complete,,,,,,,,,,,,,,,,,,,,,,,,,,,,,,,,,,,,,,,,,,,,,,,,,,,,,,,,,,,,,,,,,,,,,,,,,
,,,,,,,,,,,,,,,,,,,,,,,,,,,,,,,,,,,,,,,,,,,,,,,,,,,,,,,,,,,,,,,,,,,,,,,,,,,,,,,,,,,,,,,,,,,,,,,,,,,,,,,,,,,,
,162,Sat Feb 08 2025 00:00:00 GMT+0900 (Japan Standard Time),New3DSLL,New3DSLL,14,14,,,,,,,,,,,,,,,,,,,,,,,,,,,,,,6,8,complete,,,,,,,,,,,,,,,,,,,,,,,,,,,,,,,,,,,,,,,,,,,,,,,,,,,,,,,,,,,,,,,,,,,,,,
,,,"""↑4 x Black
2 x Blue
2 x Red
2 x White
2 x Pink
2 x Lime""","↑3 x Black
2 x Blue
0 x Red
1 x White
0 x Pink
0 x Lime",,,,,,,,,,,,,,,,,,,,,,,,,,,,,,,,"3 x Black
2 x Blue
 x Red
1 x White
 x Pink
 x Lime","1 x Black
0 x Blue
2 x Red
1 x White
2 x Pink
2 x Lime",,,,,,,,,,,,,,,,,,,,,,,,,,,,,,,,,,,,,,,,,,,,,,,,,,,,,,,,,,,,,,,,,,,,,,,
,,,,,,,,,,,,,,,,,,,,,,,,,,,,,,,,,,,,,,,,,,,,,,,,,,,,,,,,,,,,,,,,,,,,,,,,,,,,,,,,,,,,,,,,,,,,,,,,,,,,,,,,,,,,
,177,Fri Feb 21 2025 00:00:00 GMT+0900 (Japan Standard Time),PSP3000 ランダムカラー,PSP3000 Random color,20,20,,,,,,,,,,,,,,,,,,,,,,,,,,,,,,,,,6,14,complete,,,,,,,,,,,,,,,,,,,,,,,,,,,,,,,,,,,,,,,,,,,,,,,,,,,,,,,,,,,,,,,,,,,
,,,※2/26の発送６台は全てピンクのため次回ピンク除外,,,,,,,,,,,,,,,,,,,,,,,,,,,,,,,,,,,,,,,,,,,,,,,,,,,,,,,,,,,,,,,,,,,,,,,,,,,,,,,,,,,,,,,,,,,,,,,,,,,,,,,,,
,178,Fri Feb 21 2025 00:00:00 GMT+0900 (Japan Standard Time),3DSLL 赤、白、黒、青,"3DSLL red, white, black and blue ",12,12,,,,,,,,,,,,,,,,,,,,,,,,,,,,,,,,,,,10,1,,,1,complete,,,,,,,,,,,,,,,,,,,,,,,,,,,,,,,,,,,,,,,,,,,,,,,,,,,,,,,,,,,,,,
,,,,,,,,,,,,,,,,,,,,,,,,,,,,,,,,,,,,,,,,,"red3,white3,black2,blue2",blue1,,,,,,,,,,,,,,,,,,,,,,,,,,,,,,,,,,,,,,,,,,,,,,,,,,,,,,,,,,,,,,,,,,
,179,Sun Feb 23 2025 00:00:00 GMT+0900 (Japan Standard Time),Vita2000,Vita2000,26,26,,,,,,,,,,,,,,,,,,,,,,,,,,,,,,,,18,8,complete,,,,,,,,,,,,,,,,,,,,,,,,,,,,,,,,,,,,,,,,,,,,,,,,,,,,,,,,,,,,,,,,,,,,
,,Sun Feb 23 2025 00:00:00 GMT+0900 (Japan Standard Time),Vita1000,Vita1000,7,7,,,,,,,,,,,,,,,,,,,,,,,,,,,,,,,,,7,complete,,,,,,,,,,,,,,,,,,,,,,,,,,,,,,,,,,,,,,,,,,,,,,,,,,,,,,,,,,,,,,,,,,,,
,,,,,,,,,,,,,,,,,,,,,,,,,,,,,,,,,,,,,,,,,,,,,,,,,,,,,,,,,,,,,,,,,,,,,,,,,,,,,,,,,,,,,,,,,,,,,,,,,,,,,,,,,,,,
,184,Thu Feb 27 2025 00:00:00 GMT+0900 (Japan Standard Time),New2DSLL,New2DSLL,12,12,,,,,,,,,,,,,,,,,,,,,,,,,,,,,,,,,,8,1,3,complete,,,,,,,,,,,,,,,,,,,,,,,,,,,,,,,,,,,,,,,,,,,,,,,,,,,,,,,,,,,,,,,,,
,,,,,,,,,,,,,,,,,,,,,,,,,,,,,,,,,,,,,,,,BL 3 BT 2 OW 3,BL1,,,,,,,,,,,,,,,,,,,,,,,,,,,,,,,,,,,,,,,,,,,,,,,,,,,,,,,,,,,,,,,,,,,
,188,Tue Mar 04 2025 00:00:00 GMT+0900 (Japan Standard Time),PSP 3000 ランダムカラー,PSP 3000 Random color,20,20,,,,,,,,,,,,,,,,,,,,,,,,,,,,,,,,,,,,20,complete,,,,,,,,,,,,,,,,,,,,,,,,,,,,,,,,,,,,,,,,,,,,,,,,,,,,,,,,,,,,,,,,,
,,,,,,,,,,,,,,,,,,,,,,,,,,,,,,,,,,,,,,,,,,Bla6 SL6 GR2 BW1 Blu5,,,,,,,,,,,,,,,,,,,,,,,,,,,,,,,,,,,,,,,,,,,,,,,,,,,,,,,,,,,,,,,,,,
,205,Tue Mar 04 2025 00:00:00 GMT+0900 (Japan Standard Time),PS Vita 2000,PS Vita 2000 Random color,23,23,,,,,,,,,,,,,,,,,,,,,,,,,,,,,,,,,,,,1,,18,4,complete,,,,,,,,,,,,,,,,,,,,,,,,,,,,,,,,,,,,,,,,,,,,,,,,,,,,,,,,,,,,,,
,205,Tue Mar 04 2025 00:00:00 GMT+0900 (Japan Standard Time),PS Vita 1000,PS Vita 1000 Random color,7,7,,,,,,,,,,,,,,,,,,,,,,,,,,,,,,,,,,,,,,,7,complete,,,,,,,,,,,,,,,,,,,,,,,,,,,,,,,,,,,,,,,,,,,,,,,,,,,,,,,,,,,,,,
,,,,,,,,,,,,,,,,,,,,,,,,,,,,,,,,,,,,,,,,,,,,,,,,,,,,,,,,,,,,,,,,,,,,,,,,,,,,,,,,,,,,,,,,,,,,,,,,,,,,,,,,,,,,
,212,Wed Mar 12 2025 00:00:00 GMT+0900 (Japan Standard Time),PS Vita 2000,PS Vita 2000 Random color,24,24,,,,,,,,,,,,,,,,,,,,,,,,,,,,,,,,,,,,,,,,18,6,complete,,,,,,,,,,,,,,,,,,,,,,,,,,,,,,,,,,,,,,,,,,,,,,,,,,,,,,,,,,,,
,,Wed Mar 12 2025 00:00:00 GMT+0900 (Japan Standard Time),PS Vita 1000,PS Vita 1000 Random color,6,6,,,,,,,,,,,,,,,,,,,,,,,,,,,,,,,,,,,,,,,,,6,complete,,,,,,,,,,,,,,,,,,,,,,,,,,,,,,,,,,,,,,,,,,,,,,,,,,,,,,,,,,,,
,,,,,,,,,,,,,,,,,,,,,,,,,,,,,,,,,,,,,,,,,,,,,,,,,,,,,,,,,,,,,,,,,,,,,,,,,,,,,,,,,,,,,,,,,,,,,,,,,,,,,,,,,,,,
,213,Thu Mar 13 2025 00:00:00 GMT+0900 (Japan Standard Time),New 3DSLL,New 3DSLL,18,18,,,,,,,,,,,,,,,,,,,,,,,,,,,,,,,,,,,,,,,,,4,10,,,4,complete,,,,,,,,,,,,,,,,,,,,,,,,,,,,,,,,,,,,,,,,,,,,,,,,,,,,,,,,
,,,"""↑3 x Black
3 x White
3 x Red
3 x Lime
3 x Blue
3 x Pink""","""↑3 x Black
3 x White
3 x Red
3 x Lime
3 x Blue
3 x Pink""",,,,,,,,,,,,,,,,,,,,,,,,,,,,,,,,,,,,,,,,,,,"2x Black 
1x White 
1x Red
","1 x Black
2 x White
2 x Red
1 x Lime
1 x Blue
3 x Pink",残りBlue2、Lime2,,"
2x Lime
2 x Blue
",,,,,,,,,,,,,,,,,,,,,,,,,,,,,,,,,,,,,,,,,,,,,,,,,,,,,,,,,
,,,,,,,,,,,,,,,,,,,,,,,,,,,,,,,,,,,,,,,,,,,,,,,,,,,,,,,,,,,,,,,,,,,,,,,,,,,,,,,,,,,,,,,,,,,,,,,,,,,,,,,,,,,,
,221,,New 2DSLL,New 2DSLL,5,9,,,,,,,,,,,,,,,,,,,,,,,,,,,,,,,,,,,,,,,,,,,,4,5,complete,,,,,,,,,,,,,,,,,,,,,,,,,,,,,,,,,,,,,,,,,,,,,,,,,,,,,,,,
,,,Vita 1000,Vita 1000,5,5,,,,,,,,,,,,,,,,,,,,,,,,,,,,,,,,,,,,,,,,,,,,,5,complete,,,,,,,,,,,,,,,,,,,,,,,,,,,,,,,,,,,,,,,,,,,,,,,,,,,,,,,,
,,,,,,,,,,,,,,,,,,,,,,,,,,,,,,,,,,,,,,,,,,,,,,,,,,,,,,,,,,,,,,,,,,,,,,,,,,,,,,,,,,,,,,,,,,,,,,,,,,,,,,,,,,,,
,229,Tue Apr 01 2025 00:00:00 GMT+0900 (Japan Standard Time),PS Vita,PS Vita,22,22,,,,,,,,,,,,,,,,,,,,,,,,,,,,,,,,,,,,,,,,,,,,,,,17,5,complete,,,,,,,,,,,,,,,,,,,,,,,,,,,,,,,,,,,,,,,,,,,,,,,,,,,,,
,,,,,,,,,,,,,,,,,,,,,,,,,,,,,,,,,,,,,,,,,,,,,,,,,,,,,,,,,,,,,,,,,,,,,,,,,,,,,,,,,,,,,,,,,,,,,,,,,,,,,,,,,,,,
,230,Tue Apr 01 2025 00:00:00 GMT+0900 (Japan Standard Time),New 2DSLL,New 2DSLL,4,4,,,,,,,,,,,,,,,,,,,,,,,,,,,,,,,,,,,,,,,,,,,,,,,,4,complete,,,,,,,,,,,,,,,,,,,,,,,,,,,,,,,,,,,,,,,,,,,,,,,,,,,,,
,,,,,,,,,,,,,,,,,,,,,,,,,,,,,,,,,,,,,,,,,,,,,,,,,,,,,,,,,,,,,,,,,,,,,,,,,,,,,,,,,,,,,,,,,,,,,,,,,,,,,,,,,,,,
,231,Thu Apr 03 2025 00:00:00 GMT+0900 (Japan Standard Time),New 3DSLL,New 3DSLL,18,18,,,,,,,,,,,,,,,,,,,,,,,,,,,,,,,,,,,,,,,,,,,,,,,,,,,7,6,5,complete,,,,,,,,,,,,,,,,,,,,,,,,,,,,,,,,,,,,,,,,,,,,,,,,
,,,"""↑3 x Black
3 x White
3 x Red
3 x Lime
3 x Blue
3 x Pink""","""↑3 x Black
3 x White
3 x Red
3 x Lime
3 x Blue
3 x Pink""",,,,,,,,,,,,,,,,,,,,,,,,,,,,,,,,,,,,,,,,,,,,,,,,,,,,,"↑1 x Black
1x White
1 x Red
2 x Lime
1 x Blue
1 x Pink","↑2 x Black
1x White
1 x Red
0 x Lime
0 x Blue
2 x Pink","↑0 x Black
1x White
1 x Red
1 x Lime
2 x Blue
0 x Pink",,,,,,,,,,,,,,,,,,,,,,,,,,,,,,,,,,,,,,,,,,,,,,,,,
,,,,,,,,,,,,,,,,,,,,,,,,,,,,,,,,,,,,,,,,,,,,,,,,,,,,,,,,,,,,,,,,,,,,,,,,,,,,,,,,,,,,,,,,,,,,,,,,,,,,,,,,,,,,
,232,Thu Apr 03 2025 00:00:00 GMT+0900 (Japan Standard Time),New 3DS,New 3DS,10,10,,,,,,,,,,,,,,,,,,,,,,,,,,,,,,,,,,,,,,,,,,,,,,,,,,,5,1,3,1,,,,,,,,,,,,,,,,,,,,,,,,,,,,,,,,,,,,,,,,,,,,,,,,
,,,,,,,,,,,,,,,,,,,,,,,,,,,,,,,,,,,,,,,,,,,,,,,,,,,,,,,,,"white x 3,black x 2",black x 1,,,,,,,,,,,,,,,,,,,,,,,,,,,,,,,,,,,,,,,,,,,,,,,,,,
,233,Fri Apr 04 2025 00:00:00 GMT+0900 (Japan Standard Time),PSP3000,PSP3000,30,30,,,,,,,,,,,,,,,,,,,,,,,,,,,,,,,,,,,,,,,,,,,,,,,,,30,complete,,,,,,,,,,,,,,,,,,,,,,,,,,,,,,,,,,,,,,,,,,,,,,,,,,,,
,,,,,,,,,,,,,,,,,,,,,,,,,,,,,,,,,,,,,,,,,,,,,,,,,,,,,,,,,,,,,,,,,,,,,,,,,,,,,,,,,,,,,,,,,,,,,,,,,,,,,,,,,,,,
,250,Fri Apr 11 2025 00:00:00 GMT+0900 (Japan Standard Time),DS lite ランダムカラー,DS lite random color,20,20,,,,,,,,,,,,,,,,,,,,,,,,,,,,,,,,,,,,,,,,,,,,,,,,,,,,,6,7,7,,,,,,,,,,,,,,,,,,,,,,,,,,,,,,,,,,,,,,,,,,,,,,,
,,,,,,,,,,,,,,,,,,,,,,,,,,,,,,,,,,,,,,,,,,,,,,,,,,,,,,,,,,,,,,,,,,,,,,,,,,,,,,,,,,,,,,,,,,,,,,,,,,,,,,,,,,,,
,257,Mon Apr 21 2025 00:00:00 GMT+0900 (Japan Standard Time),New 2DSLL,New 2DSLL,7,7,,,,,,,,,,,,,,,,,,,,,,,,,,,,,,,,,,,,,,,,,,,,,,,,,,,,,,,7,,,,,,,,,,,,,,,,,,,,,,,,,,,,,,,,,,,,,,,,,,,,,,,
,257,Mon Apr 21 2025 00:00:00 GMT+0900 (Japan Standard Time),PS Vita 1000,PS Vita 1000,11,11,,,,,,,,,,,,,,,,,,,,,,,,,,,,,,,,,,,,,,,,,,,,,,,,,,,,,,11,,,,,,,,,,,,,,,,,,,,,,,,,,,,,,,,,,,,,,,,,,,,,,,,
,,,,,,,,,,,,,,,,,,,,,,,,,,,,,,,,,,,,,,,,,,,,,,,,,,,,,,,,,,,,,,,,,,,,,,,,,,,,,,,,,,,,,,,,,,,,,,,,,,,,,,,,,,,,
,,,New 3DSLL,,1,1,,,,,,,,,,,,,,,,,,,,,,,,,,,,,,,,,,,,,,,,,,,,,,,,,,,,,,1,,,,,,,,,,,,,,,,,,,,,,,,,,,,,,,,,,,,,,,,,,,,,,,,
,,,,,,,,,,,,,,,,,,,,,,,,,,,,,,,,,,,,,,,,,,,,,,,,,,,,,,,,,,,,,,,,,,,,,,,,,,,,,,,,,,,,,,,,,,,,,,,,,,,,,,,,,,,,
,267,Sun May 04 2025 00:00:00 GMT+0900 (Japan Standard Time),New 3DSLL,New 3DSLL,20,20,,,,,,,,,,,,,,,,,,,,,,,,,,,,,,,,,,,,,,,,,,,,,,,,,,,,,,,,9,8,,3,complete,,,,,,,,,,,,,,,,,,,,,,,,,,,,,,,,,,,,,,,,,,
,,,"""↑5x Black
5x White
5x Lime
5x Blue""","""↑5x Black
5x White
5x Lime
5x Blue""",,,,,,,,,,,,,,,,,,,,,,,,,,,,,,,,,,,,,,,,,,,,,,,,,,,,,,,,,,"1↑x Black
5x White
1x Lime
2x Blue""","2x Black
x White
4x Lime
2x Blue""","2x Black
x White
4x Lime
2x Blue""","2x Black
1x Blue""",,,,,,,,,,,,,,,,,,,,,,,,,,,,,,,,,,,,,,,,,,,
,,,,,,,,,,,,,,,,,,,,,,,,,,,,,,,,,,,,,,,,,,,,,,,,,,,,,,,,,,,,,,,,,,,,,,,,,,,,,,,,,,,,,,,,,,,,,,,,,,,,,,,,,,,,
,268,Sat May 03 2025 00:00:00 GMT+0900 (Japan Standard Time),New 3DS,New 3DS,20,20,,,,,,,,,,,,,,,,,,,,,,,,,,,,,,,,,,,,,,,,,,,,,,,,,,,,,,,,2,3,11,4,complete,,,,,,,,,,,,,,,,,,,,,,,,,,,,,,,,,,,,,,,,,,
,,,,,,,,,,,,,,,,,,,,,,,,,,,,,,,,,,,,,,,,,,,,,,,,,,,,,,,,,,,,,,,,,,,,,,,,,,,,,,,,,,,,,,,,,,,,,,,,,,,,,,,,,,,,
,287,Sat May 31 2025 00:00:00 GMT+0900 (Japan Standard Time),PS Vita 2000,PS Vita 2000,40,40,,,,,,,,,,,,,,,,,,,,,,,,,,,,,,,,,,,,,,,,,,,,,,,,,,,,,,,,,,,,,6,14,20,complete,,,,,,,,,,,,,,,,,,,,,,,,,,,,,,,,,,,,,,
,,Sat May 31 2025 00:00:00 GMT+0900 (Japan Standard Time),PS Vita 1000,PS Vita 1000,13,13,,,,,,,,,,,,,,,,,,,,,,,,,,,,,,,,,,,,,,,,,,,,,,,,,,,,,,,,,,,,,13,,,complete,,,,,,,,,,,,,,,,,,,,,,,,,,,,,,,,,,,,,,
,,,,,,,,,,,,,,,,,,,,,,,,,,,,,,,,,,,,,,,,,,,,,,,,,,,,,,,,,,,,,,,,,,,,,,,,,,,,,,,,,,,,,,,,,,,,,,,,,,,,,,,,,,,,
,292,Sat Jun 21 2025 00:00:00 GMT+0900 (Japan Standard Time),PSP3000,PSP3000,30,30,,,,,,,,,,,,,,,,,,,,,,,,,,,,,,,,,,,,,,,,,,,,,,,,,,,,,,,,,,,,,,,,,30,complete,,,,,,,,,,,,,,,,,,,,,,,,,,,,,,,,,,,,
,,,,,,,,,,,,,,,,,,,,,,,,,,,,,,,,,,,,,,,,,,,,,,,,,,,,,,,,,,,,,,,,,,,,,,,,,,,,,,,,,,,,,,,,,,,,,,,,,,,,,,,,,,,,
,317,Wed Sep 24 2025 00:00:00 GMT+0900 (Japan Standard Time),PSP3000,PSP3000,40,40,,,,,,,,,,,,,,,,,,,,,,,,,,,,,,,,,,,,,,,,,,,,,,,,,,,,,,,,,,,,,,,,,,,26,14,,,,,,,,,,,,,,,,,,,,,,,,,,,,,,,,,,
,,,"""↑5 Black
6 White
5 Silver
7 Red
7 Blue
5 Green
5 Pink""","""↑5 Black comp
6 White comp
5 Silver comp
7 Red comp
7 Blue
5 Green
5 Pink""",,,,,,,,,,,,,,,,,,,,,,,,,,,,,,,,,,,,,,,,,,,,,,,,,,,,,,,,,,,,,,,,,,,,,"↑5 Black
6 White
5 Silver
7 Red
0 Blue
1 Green
2 Pink","↑ Black
 White
 Silver
 Red
7 Blue
4 Green
3 Pink",ALL complete,,,,,,,,,,,,,,,,,,,,,,,,,,,,,,,,,
,,,,,,,,,,,,,,,,,,,,,,,,,,,,,,,,,,,,,,,,,,,,,,,,,,,,,,,,,,,,,,,,,,,,,,,,,,,,,,,,,,,,,,,,,,,,,,,,,,,,,,,,,,,,
,320,Sun Oct 05 2025 00:00:00 GMT+0900 (Japan Standard Time),3DS ランダムカラー,3DS Random color,20,20,,,,,,,,,,,,,,,,,,,,,,,,,,,,,,,,,,,,,,,,,,,,,,,,,,,,,,,,,,,,,,,,,,,,,,10,10,complete,,,,,,,,,,,,,,,,,,,,,,,,,,,,,,
,,,,,,,,,,,,,,,,,,,,,,,,,,,,,,,,,,,,,,,,,,,,,,,,,,,,,,,,,,,,,,,,,,,,,,,,,,,,,,,,,,,,,,,,,,,,,,,,,,,,,,,,,,,,
,326,Sun Nov 02 2025 00:00:00 GMT+0900 (Japan Standard Time),PSP GO ランダムカラー,PSP GO Random color,15,15,,,,,,,,,,,,,,,,,,,,,,,,,,,,,,,,,,,,,,,,,,,,,,,,,,,,,,,,,,,,,,,,,,,,,,,,,4,3,2,2,,4,,,,,,,,,,,,,,,,,,,,,,,,
,,Sun Nov 02 2025 00:00:00 GMT+0900 (Japan Standard Time),DSiLL ランダムカラー,DSiLL Random color,15,15,,,,,,,,,,,,,,,,,,,,,,,,,,,,,,,,,,,,,,,,,,,,,,,,,,,,,,,,,,,,,,,,,,,,,,,,,11,4,,,,,,,,,,,,,,,,,,,,,,,,,,,,
,,,,,,,,,,,,,,,,,,,,,,,,,,,,,,,,,,,,,,,,,,,,,,,,,,,,,,,,,,,,,,,,,,,,,,,,,,,,,,,,,,,,,,,,,,,,,,,,,,,,,,,,,,,,
,330,Sat Nov 08 2025 00:00:00 GMT+0900 (Japan Standard Time),3DS ランダムカラー,3DS Random color,20,20,,,,,,,,,,,,,,,,,,,,,,,,,,,,,,,,,,,,,,,,,,,,,,,,,,,,,,,,,,,,,,,,,,,,,,,,,,9,7,4,,,,,,,,,,,,,,,,,,,,,,,,,,
,,,,,,,,,,,,,,,,,,,,,,,,,,,,,,,,,,,,,,,,,,,,,,,,,,,,,,,,,,,,,,,,,,,,,,,,,,,,,,,,,,,,,,,,,,,,,,,,,,,,,,,,,,,,
,331,Sun Nov 16 2025 00:00:00 GMT+0900 (Japan Standard Time),3DSLL,3DSLL,,,,,,,,,,,,,,,,,,,,,,,,,,,,,,,,,,,,,,,,,,,,,,,,,,,,,,,,,,,,,,,,,,,,,,,,,,,,,,,,,,,,,,,,,,,,,,,,,,,,,,,,
,,,"""↑4 red
4 blue
4 black
4 white","""↑4 red
4 blue
4 black
4 white",16,16,,,,,,,,,,,,,,,,,,,,,,,,,,,,,,,,,,,,,,,,,,,,,,,,,,,,,,,,,,,,,,,,,,,,,,,,,,,9,,,,,7,,,,,,,,,,,,,,,,,,,,,,
,,,,,,,,,,,,,,,,,,,,,,,,,,,,,,,,,,,,,,,,,,,,,,,,,,,,,,,,,,,,,,,,,,,,,,,,,,,,,,,,,"↑2 red
4 blue
3 white",,,,,complete,,,,,,,,,,,,,,,,,,,,,,
,334,Wed Nov 19 2025 00:00:00 GMT+0900 (Japan Standard Time),DSiLL ランダムカラー,DSiLL Random color,25,25,,,,,,,,,,,,,,,,,,,,,,,,,,,,,,,,,,,,,,,,,,,,,,,,,,,,,,,,,,,,,,,,,,,,,,,,,,,,,20,,5,,,,,,,,,,,,,,,,,,,,,,,
,,,,,,,,,,,,,,,,,,,,,,,,,,,,,,,,,,,,,,,,,,,,,,,,,,,,,,,,,,,,,,,,,,,,,,,,,,,,,,,,,,,,,,,,,,,,,,,,,,,,,,,,,,,,
,335,Thu Nov 20 2025 00:00:00 GMT+0900 (Japan Standard Time),PS VITA 1000,PS VITA 1000,7,7,,,,,,,,,,,,,,,,,,,,,,,,,,,,,,,,,,,,,,,,,,,,,,,,,,,,,,,,,,,,,,,,,,,,,,,,,,,,7,,,,,,,,,,,,,,,,,,,,,,,,,,
,,,,,,,,,,,,,,,,,,,,,,,,,,,,,,,,,,,,,,,,,,,,,,,,,,,,,,,,,,,,,,,,,,,,,,,,,,,,,,,,,,,,,,,,,,,,,,,,,,,,,,,,,,,,
,,Thu Nov 20 2025 00:00:00 GMT+0900 (Japan Standard Time),PSVITA 2000,PSVITA 2000,7,7,,,,,,,,,,,,,,,,,,,,,,,,,,,,,,,,,,,,,,,,,,,,,,,,,,,,,,,,,,,,,,,,,,,,,,,,,,,,7,,,,,,,,,,,,,,,,,,,,,,,,,,
,,,,,,,,,,,,,,,,,,,,,,,,,,,,,,,,,,,,,,,,,,,,,,,,,,,,,,,,,,,,,,,,,,,,,,,,,,,,,,,,,,,,,,,,,,,,,,,,,,,,,,,,,,,,
,339,Sat Dec 06 2025 00:00:00 GMT+0900 (Japan Standard Time),New 2DSLL ラベンダー,New 2DSLL Lavender,3,3,,,,,,,,,,,,,,,,,,,,,,,,,,,,,,,,,,,,,,,,,,,,,,,,,,,,,,,,,,,,,,,,,,,,,,,,,,,,,,,,,,3,,,,,,,,,,,,,,,,,,,,
,,Sat Dec 06 2025 00:00:00 GMT+0900 (Japan Standard Time),New 2DSLL オレンジ、ブルー、グリーン,"New 2DSLL Orange , Blue , Green",9,9,,,,,,,,,,,,,,,,,,,,,,,,,,,,,,,,,,,,,,,,,,,,,,,,,,,,,,,,,,,,,,,,,,,,,,,,,,,,,,,,,,9,,,,,,,,,,,,,,,,,,,,
,,,,,,,,,,,,,,,,,,,,,,,,,,,,,,,,,,,,,,,,,,,,,,,,,,,,,,,,,,,,,,,,,,,,,,,,,,,,,,,,,,,,,,,,,,,,,,,,,,,,,,,,,,,,
,342,Mon Dec 08 2025 00:00:00 GMT+0900 (Japan Standard Time),2DS ランダムカラー,2DS Random color,10,10,,,,,,,,,,,,,,,,,,,,,,,,,,,,,,,,,,,,,,,,,,,,,,,,,,,,,,,,,,,,,,,,,,,,,,,,,,,,,,,,,,,7,3,,,,,,,,,,,,,,,,,,
,,,,,,,,,,,,,,,,,,,,,,,,,,,,,,,,,,,,,,,,,,,,,,,,,,,,,,,,,,,,,,,,,,,,,,,,,,,,,,,,,,,,,,,,,,,,,,,,,,,,,,,,,,,,
,343,Tue Dec 09 2025 00:00:00 GMT+0900 (Japan Standard Time),PSP3000 ランダムカラー,PSP　Random color,25,25,,,,,,,,,,,,,,,,,,,,,,,,,,,,,,,,,,,,,,,,,,,,,,,,,,,,,,,,,,,,,,,,,,,,,,,,,,,,,,,,,25,,,,,,,,,,,,,,,,,,,,,
,,,"""↑6 Blue
6 Red
6 White
2 Silver
1 Green
4 Black","""↑6 Blue
6 Red
6 White
2 Silver
1 Green
4 Black",,,,,,,,,,,,,,,,,,,,,,,,,,,,,,,,,,,,,,,,,,,,,,,,,,,,,,,,,,,,,,,,,,,,,,,,,,,,,,,,,,,complete,,,,,,,,,,,,,,,,,,,,,
,,,,,,,,,,,,,,,,,,,,,,,,,,,,,,,,,,,,,,,,,,,,,,,,,,,,,,,,,,,,,,,,,,,,,,,,,,,,,,,,,,,,,,,,,,,,,,,,,,,,,,,,,,,,
,345,Mon Dec 15 2025 00:00:00 GMT+0900 (Japan Standard Time),Vita 2000 レッド、ホワイト,"Vita 2000 red,white",10,10,,,,,,,,,,,,,,,,,,,,,,,,,,,,,,,,,,,,,,,,,,,,,,,,,,,,,,,,,,,,,,,,,,,,,,,,,,,,,,,,,,,,,10,,,,,,,,,,,,,,,,,
,,,Vita 1000 シルバー,Vita 1000 silver,1,1,,,,,,,,,,,,,,,,,,,,,,,,,,,,,,,,,,,,,,,,,,,,,,,,,,,,,,,,,,,,,,,,,,,,,,,,,,,,,,,,,,,,,1,,,,,,,,,,,,,,,,,
,,,,,,,,,,,,,,,,,,,,,,,,,,,,,,,,,,,,,,,,,,,,,,,,,,,,,,,,,,,,,,,,,,,,,,,,,,,,,,,,,,,,,,,,,,,,,,,,,,,,,,,,,,,,
,346,Mon Dec 15 2025 00:00:00 GMT+0900 (Japan Standard Time),Vita 1000 レッド、ブルー、ホワイト,"Vita 1000 red,blue,white",15,15,,,,,,,,,,,,,,,,,,,,,,,,,,,,,,,,,,,,,,,,,,,,,,,,,,,,,,,,,,,,,,,,,,,,,,,,,,,,,,,,,,,,,,15,,,,,,,,,,,,,,,,
,,,,,,,,,,,,,,,,,,,,,,,,,,,,,,,,,,,,,,,,,,,,,,,,,,,,,,,,,,,,,,,,,,,,,,,,,,,,,,,,,,,,,,,,,,,,,,,,,,,,,,,,,,,,
,347,Mon Dec 15 2025 00:00:00 GMT+0900 (Japan Standard Time),Vita 1000 ブラック,Vita1000 Black,5,5,,,,,,,,,,,,,,,,,,,,,,,,,,,,,,,,,,,,,,,,,,,,,,,,,,,,,,,,,,,,,,,,,,,,,,,,,,,,,,,,,,,,,,,5,,,,,,,,,,,,,,,
,,,Vita 2000 オレンジ、ブルー,"Vita2000 Orange , Blue",10,0,,,,,,,,,,,,,,,,,,,,,,,,,,,,,,,,,,,,,,,,,,,,,,,,,,,,,,,,,,,,,,,,,,,,,,,,,,,,,,,,,,,,,,,,,,,,,,,,,,,,,,
,,,,,,,,,,,,,,,,,,,,,,,,,,,,,,,,,,,,,,,,,,,,,,,,,,,,,,,,,,,,,,,,,,,,,,,,,,,,,,,,,,,,,,,,,,,,,,,,,,,,,,,,,,,,
,350,Fri Jan 02 2026 00:00:00 GMT+0900 (Japan Standard Time),PSP 3000,PSP 3000,40,40,,,,,,,,,,,,,,,,,,,,,,,,,,,,,,,,,,,,,,,,,,,,,,,,,,,,,,,,,,,,,,,,,,,,,,,,,,,,,,,,,,,,,,,,26,14,,,,,,,,,,,,,
,,,"""↑5 x red
5 x black
5 x Blue
5 x White
5 x Pink
5 x green
5 x gold
5 x silver""","""↑5 x red
5 x black
5 x Blue
5 x White
5 x Pink
5 x green
5 x gold
5 x silver""",,,,,,,,,,,,,,,,,,,,,,,,,,,,,,,,,,,,,,,,,,,,,,,,,,,,,,,,,,,,,,,,,,,,,,,,,,,,,,,,,,,,,,,,,,"""""""↑5 x red
4 x black
4 x Blue
0 x White
3 x Pink
5 x green
0 x gold
5 x silver""""""","""""""↑0x red
1 x black
1 x Blue
5 x White
2x Pink
0 x green
5 x gold
0 x silver""""""",,,,,,,,,,,,,
,,,,,,,,,,,,,,,,,,,,,,,,,,,,,,,,,,,,,,,,,,,,,,,,,,,,,,,,,,,,,,,,,,,,,,,,,,,,,,,,,,,,,,,,,,,,,,,,,,,,,,,,,,,,
,352,Tue Jan 20 2026 00:00:00 GMT+0900 (Japan Standard Time),PSP 3000 ブルー,PSP 3000 blue,2,2,,,,,,,,,,,,,,,,,,,,,,,,,,,,,,,,,,,,,,,,,,,,,,,,,,,,,,,,,,,,,,,,,,,,,,,,,,,,,,,,,,,,,,,,,2,,,,,,,,,,,,,
,,,PSP 3000 ブルー ダメージあり,"PSP 3000 blue,little damaged",2,2,,,,,,,,,,,,,,,,,,,,,,,,,,,,,,,,,,,,,,,,,,,,,,,,,,,,,,,,,,,,,,,,,,,,,,,,,,,,,,,,,,,,,,,,,2,,,,,,,,,,,,,
,,,PS Vita2000 シルバー,PS Vita2000 silver,1,1,,,,,,,,,,,,,,,,,,,,,,,,,,,,,,,,,,,,,,,,,,,,,,,,,,,,,,,,,,,,,,,,,,,,,,,,,,,,,,,,,,,,,,,,,,,,,,,,,,,,,,
,,,,,,,,,,,,,,,,,,,,,,,,,,,,,,,,,,,,,,,,,,,,,,,,,,,,,,,,,,,,,,,,,,,,,,,,,,,,,,,,,,,,,,,,,,,,,,,,,,,,,,,,,,,,
,355,Sat Jan 31 2026 00:00:00 GMT+0900 (Japan Standard Time),PSP 3000 ランダムカラー,PSP 3000 Random color,40,40,,,,,,,,,,,,,,,,,,,,,,,,,,,,,,,,,,,,,,,,,,,,,,,,,,,,,,,,,,,,,,,,,,,,,,,,,,,,,,,,,,,,,,,,,,,3,,,27,10,,,,,,,
,,,,,,,,,,,,,,,,,,,,,,,,,,,,,,,,,,,,,,,,,,,,,,,,,,,,,,,,,,,,,,,,,,,,,,,,,,,,,,,,,,,,,,,,,,,,,,,,,,,,,,,,,,,,
,356,Sat Jan 31 2026 00:00:00 GMT+0900 (Japan Standard Time),3DSLL ランダムカラー,3DSLL Random color,20,20,,,,,,,,,,,,,,,,,,,,,,,,,,,,,,,,,,,,,,,,,,,,,,,,,,,,,,,,,,,,,,,,,,,,,,,,,,,,,,,,,,,,,,,,,,,15,,5,,,,,,,,,
,,,,,,,,,,,,,,,,,,,,,,,,,,,,,,,,,,,,,,,,,,,,,,,,,,,,,,,,,,,,,,,,,,,,,,,,,,,,,,,,,,,,,,,,,,,,,,,,,,,,,,,,,,,,
,357,Sat Jan 31 2026 00:00:00 GMT+0900 (Japan Standard Time),Vita 2000 ランダムカラー,Vita 2000 Random color,20,20,,,,,,,,,,,,,,,,,,,,,,,,,,,,,,,,,,,,,,,,,,,,,,,,,,,,,,,,,,,,,,,,,,,,,,,,,,,,,,,,,,,,,,,,,,19,1,,,,,,,,,,,
,,,,,,,,,,,,,,,,,,,,,,,,,,,,,,,,,,,,,,,,,,,,,,,,,,,,,,,,,,,,,,,,,,,,,,,,,,,,,,,,,,,,,,,,,,,,,,,,,,,,,,,,,,,,
,359,Tue Feb 03 2026 00:00:00 GMT+0900 (Japan Standard Time),New 2DSLL ターコイズ,New 2DSLL Turquoise,4,4,,,,,,,,,,,,,,,,,,,,,,,,,,,,,,,,,,,,,,,,,,,,,,,,,,,,,,,,,,,,,,,,,,,,,,,,,,,,,,,,,,,,,,,,,,,,3,1,,,,,,,,,
,,,New 2DSLL ライム,New 2DSLL Lime,4,4,,,,,,,,,,,,,,,,,,,,,,,,,,,,,,,,,,,,,,,,,,,,,,,,,,,,,,,,,,,,,,,,,,,,,,,,,,,,,,,,,,,,,,,,,,,,3,1,,,,,,,,,
,,,New 2DSLL オレンジ,New 2DSLL Orange,4,4,,,,,,,,,,,,,,,,,,,,,,,,,,,,,,,,,,,,,,,,,,,,,,,,,,,,,,,,,,,,,,,,,,,,,,,,,,,,,,,,,,,,,,,,,,,,1,3,,,,,,,,,
,,,New 2DSLL ラベンダー,New 2DSLL Lavender,4,4,,,,,,,,,,,,,,,,,,,,,,,,,,,,,,,,,,,,,,,,,,,,,,,,,,,,,,,,,,,,,,,,,,,,,,,,,,,,,,,,,,,,,,,,,,,,4,,,,,,,,,,
,,,3DS ピンクを除く,3DS Except pearl pink,20,6,,,,,,,,,,,,,,,,,,,,,,,,,,,,,,,,,,,,,,,,,,,,,,,,,,,,,,,,,,,,,,,,,,,,,,,,,,,,,,,,,,,,,,,,,,,,,,,6,,,,,,,
,,,,,,,,,,,,,,,,,,,,,,,,,,,,,,,,,,,,,,,,,,,,,,,,,,,,,,,,,,,,,,,,,,,,,,,,,,,,,,,,,,,,,,,,,,,,,,,,,,,,,,,,,,,,
,362,Mon Feb 16 2026 00:00:00 GMT+0900 (Japan Standard Time),Nintendo64,Nintendo64,20,20,,,,,,,,,,,,,,,,,,,,,,,,,,,,,,,,,,,,,,,,,,,,,,,,,,,,,,,,,,,,,,,,,,,,,,,,,,,,,,,,,,,,,,,,,,,,,,,,,,12,,,7,1
,,,,,,,,,,,,,,,,,,,,,,,,,,,,,,,,,,,,,,,,,,,,,,,,,,,,,,,,,,,,,,,,,,,,,,,,,,,,,,,,,,,,,,,,,,,,,,,,　,,,,,,,,,,,,
,363,Wed Feb 18 2026 00:00:00 GMT+0900 (Japan Standard Time),New 3DS LL ブラック,New 3DS LL Black,5,5,,,,,,,,,,,,,,,,,,,,,,,,,,,,,,,,,,,,,,,,,,,,,,,,,,,,,,,,,,,,,,,,,,,,,,,,,,,,,,,,,,,,,,,,,,,,,,,,1,1,,2,,,1
,,,New 3DS LL ホワイト,New 3DS LL White,10,9,,,,,,,,,,,,,,,,,,,,,,,,,,,,,,,,,,,,,,,,,,,,,,,,,,,,,,,,,,,,,,,,,,,,,,,,,,,,,,,,,,,,,,,,,,,,,,,3,,2,,3,,,1
,,,New 3DS LL レッド,New 3DS LL Red,10,8,,,,,,,,,,,,,,,,,,,,,,,,,,,,,,,,,,,,,,,,,,,,,,,,,,,,,,,,,,,,,,,,,,,,,,,,,,,,,,,,,,,,,,,,,,,,,,,,3,1,,3,,,1
,,,New 3DS LL ブルー,New 3DS LL Blue,10,9,,,,,,,,,,,,,,,,,,,,,,,,,,,,,,,,,,,,,,,,,,,,,,,,,,,,,,,,,,,,,,,,,,,,,,,,,,,,,,,,,,,,,,,,,,,,,,,1,4,2,,1,,,1
,,,,,,,,,,,,,,,,,,,,,,,,,,,,,,,,,,,,,,,,,,,,,,,,,,,,,,,,,,,,,,,,,,,,,,,,,,,,,,,,,,,,,,,,,,,,,,,,,,,,,,,,,,,,
,364,Wed Feb 18 2026 00:00:00 GMT+0900 (Japan Standard Time),Vita 1000 ブラック,Vita 1000 Black,10,9,,,,,,,,,,,,,,,,,,,,,,,,,,,,,,,,,,,,,,,,,,,,,,,,,,,,,,,,,,,,,,,,,,,,,,,,,,,,,,,,,,,,,,,,,,,,,,,,2,2,,,,,5
,,,Vita 1000 レッド、ブルー、ホワイト,"Vita 1000 Red, Blue, and White 5 of each",15,15,,,,,,,,,,,,,,,,,,,,,,,,,,,,,,,,,,,,,,,,,,,,,,,,,,,,,,,,,,,,,,,,,,,,,,,,,,,,,,,,,,,,,,,,,,,,,,,,1,4,,,9,,1