,管理番号,仕入先サイト,商品名,仕入れ単価,仕入先発送日,追跡番号,受取,発送,備考,入庫登録,出庫登録,
,110_デボン_34/100,駿河屋,Nintendo Switch Lite ブルー,15182,Sat Dec 28 2024 00:00:00 GMT+0900 (Japan Standard Time),392124657886,Sat Jan 04 2025 00:00:00 GMT+0900 (Japan Standard Time),デボン0105,,✓,✓,
,110_デボン_41/100,駿河屋,Nintendo Switch Lite ターコイズ,14710,Fri Dec 27 2024 00:00:00 GMT+0900 (Japan Standard Time),492018913912,Sat Jan 04 2025 00:00:00 GMT+0900 (Japan Standard Time),デボン0105,,✓,✓,
,110_デボン_42/100,ヤフオク,Nintendo Switch Lite イエロー,12509,Fri Dec 27 2024 00:00:00 GMT+0900 (Japan Standard Time),437379365710,Sat Jan 04 2025 00:00:00 GMT+0900 (Japan Standard Time),デボン0105,,✓,✓,
,110_デボン_40/100,アマゾン,Nintendo Switch Lite ターコイズ,14500,Sun Dec 29 2024 00:00:00 GMT+0900 (Japan Standard Time),DA3087950601,Sat Jan 04 2025 00:00:00 GMT+0900 (Japan Standard Time),デボン0105,,12/28に入庫登録されてます。,✓,
,110_デボン_31/100,駿河屋,Nintendo Switch Lite グレー,9500,Fri Dec 27 2024 00:00:00 GMT+0900 (Japan Standard Time),186255265932,Sat Jan 04 2025 00:00:00 GMT+0900 (Japan Standard Time),Sun Feb 09 2025 00:00:00 GMT+0900 (Japan Standard Time),,✓,✓,
,110_デボン_43/100,アマゾン,Nintendo Switch Lite ターコイズ,15210,Fri Dec 27 2024 00:00:00 GMT+0900 (Japan Standard Time),DA4371237342,Sun Jan 05 2025 00:00:00 GMT+0900 (Japan Standard Time),デボン0105,,✓,✓,
,110_デボン_44/100,アマゾン,Nintendo Switch Lite イエロー,15480,Fri Dec 27 2024 00:00:00 GMT+0900 (Japan Standard Time),468917828455,Sun Jan 05 2025 00:00:00 GMT+0900 (Japan Standard Time),デボン0105,,✓,✓,
,110_デボン_45/100,駿河屋,Nintendo Switch Lite コーラル,15265,Sat Dec 28 2024 00:00:00 GMT+0900 (Japan Standard Time),437392200210,Sat Jan 04 2025 00:00:00 GMT+0900 (Japan Standard Time),デボン0105,,✓,✓,
,110_デボン_46/100,駿河屋,Nintendo Switch Lite ターコイズ,15200,Sat Dec 28 2024 00:00:00 GMT+0900 (Japan Standard Time),437392200210,Sat Jan 04 2025 00:00:00 GMT+0900 (Japan Standard Time),,,✓,在庫なし,
,110_デボン_47/100,アマゾン,Nintendo Switch Lite グレー,15200,Sun Dec 29 2024 00:00:00 GMT+0900 (Japan Standard Time),DA3427401443,Sat Jan 04 2025 00:00:00 GMT+0900 (Japan Standard Time),デボン0105,,✓,✓,
,110_デボン_48/100,メルカリ,Nintendo Switch Lite イエロー,13780,Sat Dec 28 2024 00:00:00 GMT+0900 (Japan Standard Time),822937740100,Sat Jan 04 2025 00:00:00 GMT+0900 (Japan Standard Time),デボン0105,,✓,✓,
,110_デボン_49/100,アマゾン,Nintendo Switch Lite イエロー,15300,Sun Dec 29 2024 00:00:00 GMT+0900 (Japan Standard Time),651256244376,Sat Jan 04 2025 00:00:00 GMT+0900 (Japan Standard Time),デボン0105,,✓,✓,
,110_デボン_53/100,ヤフオク,Nintendo Switch Lite イエロー,14190,Mon Dec 30 2024 00:00:00 GMT+0900 (Japan Standard Time),4373-9608-0531,Sat Jan 04 2025 00:00:00 GMT+0900 (Japan Standard Time),デボン0105,,✓,✓,
,110_デボン_52/100,駿河屋,Nintendo Switch Lite グレー,13300,Tue Dec 31 2024 00:00:00 GMT+0900 (Japan Standard Time),181020122592,Sat Jan 04 2025 00:00:00 GMT+0900 (Japan Standard Time),デボン0105,,✓,✓,
,110_デボン_50/100,アマゾン,Nintendo Switch Lite イエロー,15100,Fri Jan 03 2025 00:00:00 GMT+0900 (Japan Standard Time),DA2758570767,Sun Jan 05 2025 00:00:00 GMT+0900 (Japan Standard Time),デボン0105,,✓,✓,
,110_デボン_54/100,アマゾン,Nintendo Switch Lite コーラル,15399,Tue Dec 31 2024 00:00:00 GMT+0900 (Japan Standard Time),651256821585,Sat Jan 04 2025 00:00:00 GMT+0900 (Japan Standard Time),デボン0105,,✓,✓,
,110_デボン_59/100,ヤフオク,Nintendo Switch Lite グレー,14756,Tue Dec 31 2024 00:00:00 GMT+0900 (Japan Standard Time),4373-9938-7154,Sun Jan 05 2025 00:00:00 GMT+0900 (Japan Standard Time),デボン0105,,✓,✓,
,110_デボン_60/100,ヤフオク,Nintendo Switch Lite ターコイズ,15299,Tue Dec 31 2024 00:00:00 GMT+0900 (Japan Standard Time),4373-9938-7121,Sat Jan 04 2025 00:00:00 GMT+0900 (Japan Standard Time),デボン0105,,✓,✓,
,110_デボン_57/100,ペイペイフリマ,Nintendo Switch Lite ターコイズ,14000,Thu Jan 02 2025 00:00:00 GMT+0900 (Japan Standard Time),521957450431,Sun Jan 05 2025 00:00:00 GMT+0900 (Japan Standard Time),デボン0105,,✓,✓,
,110_デボン_58/100,ペイペイフリマ,Nintendo Switch Lite グレー,14000,Thu Jan 02 2025 00:00:00 GMT+0900 (Japan Standard Time),521957457604,Sun Jan 05 2025 00:00:00 GMT+0900 (Japan Standard Time),デボン0105,,✓,✓,
,110_デボン_55/100,メルカリ,Nintendo Switch Lite グレー,14000,Mon Dec 30 2024 00:00:00 GMT+0900 (Japan Standard Time),623011813804,Sat Jan 04 2025 00:00:00 GMT+0900 (Japan Standard Time),デボン0105,,✓,✓,
,110_デボン_62/100,ヤフオク,Nintendo Switch Lite グレー,14749,Tue Dec 31 2024 00:00:00 GMT+0900 (Japan Standard Time),4374-0004-7980,Sat Jan 04 2025 00:00:00 GMT+0900 (Japan Standard Time),デボン0105,,✓,✓,
,110_デボン_63/100,ヤフオク,Nintendo Switch Lite グレー,13916,Tue Dec 31 2024 00:00:00 GMT+0900 (Japan Standard Time),4374-0004-8024,Sat Jan 04 2025 00:00:00 GMT+0900 (Japan Standard Time),デボン0105,,✓,✓,
,110_デボン_64/100,ヤフオク,Nintendo Switch Lite グレー,14342,Tue Dec 31 2024 00:00:00 GMT+0900 (Japan Standard Time),4374-0004-7976,Sat Jan 04 2025 00:00:00 GMT+0900 (Japan Standard Time),デボン0105,,✓,✓,
,110_デボン_61/100,メルカリ,Nintendo Switch Lite グレー,14000,Tue Dec 31 2024 00:00:00 GMT+0900 (Japan Standard Time),624134831375,Sun Jan 05 2025 00:00:00 GMT+0900 (Japan Standard Time),デボン0105,,✓,✓,
,110_デボン_66/100,アマゾン,Nintendo Switch Lite コーラル,15150,Mon Jan 06 2025 00:00:00 GMT+0900 (Japan Standard Time),DA4371969151,Tue Jan 07 2025 00:00:00 GMT+0900 (Japan Standard Time),devon0115,,✓,✓,
,110_デボン_65/100,アマゾン,Nintendo Switch Lite イエロー,15400,Sat Jan 04 2025 00:00:00 GMT+0900 (Japan Standard Time),651257899342,Tue Jan 07 2025 00:00:00 GMT+0900 (Japan Standard Time),devon0115,,✓,✓,
,在庫0101_2,駿河屋,Nintendo Switch Lite グレー,11411,Thu Jan 02 2025 00:00:00 GMT+0900 (Japan Standard Time),186257888821,Sat Jan 04 2025 00:00:00 GMT+0900 (Japan Standard Time),デボン0105,,✓,✓,
,在庫0101_1,アマゾン,Nintendo Switch Lite コーラル,15180,Thu Jan 02 2025 00:00:00 GMT+0900 (Japan Standard Time),DA3497369344,Sat Jan 04 2025 00:00:00 GMT+0900 (Japan Standard Time),デボン0105,,✓,✓,
,110_デボン_56/100,メルカリ,Nintendo Switch Lite イエロー,13800,Fri Jan 03 2025 00:00:00 GMT+0900 (Japan Standard Time),624135403975,Sat Jan 04 2025 00:00:00 GMT+0900 (Japan Standard Time),,,✓,棚卸しスキャン-1,
,在庫0102_1,ペイペイフリマ,Nintendo Switch Lite イエロー,13500,Thu Jan 02 2025 00:00:00 GMT+0900 (Japan Standard Time),624067219436,Sun Jan 05 2025 00:00:00 GMT+0900 (Japan Standard Time),デボン0105,,✓,✓,
,在庫0103_1&0103_2,アマゾン,Nintendo Switch Lite コーラル,15399,Sat Jan 04 2025 00:00:00 GMT+0900 (Japan Standard Time),651257900860,Tue Jan 07 2025 00:00:00 GMT+0900 (Japan Standard Time),devon0115,2台注文,✓（1台入庫済み）,✓,１台しか届かず。Amazonに対応を相談中
,在庫0103_5,メルカリ,Nintendo Switch Lite イエロー,13800,Sat Jan 04 2025 00:00:00 GMT+0900 (Japan Standard Time),626790286614,Sun Jan 05 2025 00:00:00 GMT+0900 (Japan Standard Time),デボン0105,,✓,✓,
,例外,アマゾン,Nintendo Switch Lite ターコイズ,14500,Fri Jan 03 2025 00:00:00 GMT+0900 (Japan Standard Time),DA2758570767,Sun Jan 05 2025 00:00:00 GMT+0900 (Japan Standard Time),デボン0105,12/21に注文した4個の内の3個は12/27にお届け済みで、残りの1個が1/3発送,✓,✓,
,在庫0106_1,アマゾン,Nintendo Switch Lite コーラル,14800,Tue Jan 07 2025 00:00:00 GMT+0900 (Japan Standard Time),198265793946,Fri Jan 10 2025 00:00:00 GMT+0900 (Japan Standard Time),devon0115,,✓,✓,
,在庫0108_2,駿河屋,Nintendo Switch Lite グレー,13128,Fri Jan 10 2025 00:00:00 GMT+0900 (Japan Standard Time),437469988410,Sat Jan 11 2025 00:00:00 GMT+0900 (Japan Standard Time),devon0115,,✓,✓,
,在庫0107_2,ヤフオク,Nintendo Switch Lite イエロー,13609,Fri Jan 10 2025 00:00:00 GMT+0900 (Japan Standard Time),239440588262,Mon Jan 13 2025 00:00:00 GMT+0900 (Japan Standard Time),devon0115,,✓,✓,
,在庫0110_2,ペイペイフリマ,Nintendo Switch Lite ターコイズ,14000,Sat Jan 11 2025 00:00:00 GMT+0900 (Japan Standard Time),521973057826,Wed Jan 15 2025 00:00:00 GMT+0900 (Japan Standard Time),devon0115,,✓,✓,
,イレギュラー0110,アマゾン,Nintendo Switch Lite コーラル,15399,ー,ー,Fri Jan 10 2025 00:00:00 GMT+0900 (Japan Standard Time),devon0115,,✓,✓,１台しか届かなかったものが追加で到着。イレギュラーとして新規在庫登録
,在庫0110_3,駿河屋,Nintendo Switch Lite コーラル,11100,Thu Jan 16 2025 00:00:00 GMT+0900 (Japan Standard Time),437511562596,Fri Jan 17 2025 00:00:00 GMT+0900 (Japan Standard Time),Sun Feb 09 2025 00:00:00 GMT+0900 (Japan Standard Time),,✓,✓,
,在庫0111_1,駿河屋,Nintendo Switch Lite イエロー,13410,Mon Jan 13 2025 00:00:00 GMT+0900 (Japan Standard Time),492018919206,Wed Jan 15 2025 00:00:00 GMT+0900 (Japan Standard Time),devon0115,,✓,✓,
,在庫0111_2,駿河屋,Nintendo Switch Lite コーラル,15010,Mon Jan 13 2025 00:00:00 GMT+0900 (Japan Standard Time),492018919206,Wed Jan 15 2025 00:00:00 GMT+0900 (Japan Standard Time),devon0115,,✓,✓,
true,在庫0114_2,メルカリ,Switch Lite ターコイズ,14000,Fri Jan 17 2025 00:00:00 GMT+0900 (Japan Standard Time),4,Sun Jan 19 2025 00:00:00 GMT+0900 (Japan Standard Time),在庫なし,,true,false,
false,136_デボン_2/100,ヤフオク,Nintendo Switch Lite グレー,14600,Thu Jan 16 2025 00:00:00 GMT+0900 (Japan Standard Time),562289617422,Fri Jan 17 2025 00:00:00 GMT+0900 (Japan Standard Time),Fri Jan 24 2025 00:00:00 GMT+0900 (Japan Standard Time),,false,false,
false,136_デボン_1/100,メルカリ,Nintendo Switch Lite ターコイズ,14000,Mon Jan 20 2025 00:00:00 GMT+0900 (Japan Standard Time),623033077811,Tue Jan 21 2025 00:00:00 GMT+0900 (Japan Standard Time),Mon Jan 27 2025 00:00:00 GMT+0900 (Japan Standard Time),,false,false,
false,136_デボン_4/100,ペイペイフリマ,Nintendo Switch Lite ターコイズ,13980,Fri Jan 17 2025 00:00:00 GMT+0900 (Japan Standard Time),623248577114,Sun Jan 19 2025 00:00:00 GMT+0900 (Japan Standard Time),Mon Jan 20 2025 00:00:00 GMT+0900 (Japan Standard Time),,false,false,
false,136_デボン_3/100,駿河屋,Nintendo Switch Lite グレー,15200,Thu Jan 23 2025 00:00:00 GMT+0900 (Japan Standard Time),181020271924,Mon Jan 27 2025 00:00:00 GMT+0900 (Japan Standard Time),Mon Jan 27 2025 00:00:00 GMT+0900 (Japan Standard Time),,false,false,
false,136_デボン_5/100,ヤフオク,Nintendo Switch Lite コーラル,13645,Tue Jan 21 2025 00:00:00 GMT+0900 (Japan Standard Time),4375-5060-2160,Wed Jan 22 2025 00:00:00 GMT+0900 (Japan Standard Time),Mon Jan 27 2025 00:00:00 GMT+0900 (Japan Standard Time),,false,false,
false,136_デボン_6/100,ヤフオク,Nintendo Switch Lite グレー,13872,Tue Jan 21 2025 00:00:00 GMT+0900 (Japan Standard Time),4375-5060-1261,Wed Jan 22 2025 00:00:00 GMT+0900 (Japan Standard Time),Fri Jan 24 2025 00:00:00 GMT+0900 (Japan Standard Time),,false,false,
false,136_デボン_4/100,ペイペイフリマ,Nintendo Switch Lite グレー,13500,Tue Jan 21 2025 00:00:00 GMT+0900 (Japan Standard Time),624068606464,Thu Jan 23 2025 00:00:00 GMT+0900 (Japan Standard Time),Fri Jan 24 2025 00:00:00 GMT+0900 (Japan Standard Time),,false,false,
false,136_デボン_7/100,駿河屋,Nintendo Switch Lite イエロー,15200,Mon Jan 27 2025 00:00:00 GMT+0900 (Japan Standard Time),181020301206,Wed Jan 29 2025 00:00:00 GMT+0900 (Japan Standard Time),Fri Feb 07 2025 00:00:00 GMT+0900 (Japan Standard Time),,false,false,
false,136_デボン_8/100,ヤフオク,Nintendo Switch Lite ターコイズ,14628,Tue Jan 21 2025 00:00:00 GMT+0900 (Japan Standard Time),4375-5543-0432,Wed Jan 22 2025 00:00:00 GMT+0900 (Japan Standard Time),Mon Jan 27 2025 00:00:00 GMT+0900 (Japan Standard Time),,false,false,
false,136_デボン_9/100,ヤフオク,Nintendo Switch Lite ターコイズ,14850,Thu Jan 23 2025 00:00:00 GMT+0900 (Japan Standard Time),4375-7243-5521,Fri Jan 24 2025 00:00:00 GMT+0900 (Japan Standard Time),,,false,false,
false,136_デボン_10/100,ヤフオク,Nintendo Switch Lite グレー,13900,Wed Jan 22 2025 00:00:00 GMT+0900 (Japan Standard Time),392237133422,Thu Jan 23 2025 00:00:00 GMT+0900 (Japan Standard Time),Fri Jan 24 2025 00:00:00 GMT+0900 (Japan Standard Time),,false,false,
false,136_デボン_11/100,ペイペイフリマ,Nintendo Switch Lite ターコイズ,13900,Thu Jan 23 2025 00:00:00 GMT+0900 (Japan Standard Time),626124610731,Mon Jan 27 2025 00:00:00 GMT+0900 (Japan Standard Time),Mon Jan 27 2025 00:00:00 GMT+0900 (Japan Standard Time),,false,false,
false,136_デボン_14/100,駿河屋,Nintendo Switch Lite イエロー,14010,Wed Jan 22 2025 00:00:00 GMT+0900 (Japan Standard Time),439714016151,Thu Jan 23 2025 00:00:00 GMT+0900 (Japan Standard Time),Fri Jan 24 2025 00:00:00 GMT+0900 (Japan Standard Time),,false,false,
false,136_デボン_13/100,アマゾン,Nintendo Switch Lite コーラル,15000,Wed Jan 22 2025 00:00:00 GMT+0900 (Japan Standard Time),468919479125,Mon Jan 27 2025 00:00:00 GMT+0900 (Japan Standard Time),Mon Jan 27 2025 00:00:00 GMT+0900 (Japan Standard Time),,false,false,
false,136_デボン_12/100,アマゾン,Nintendo Switch Lite コーラル,14850,Thu Jan 23 2025 00:00:00 GMT+0900 (Japan Standard Time),DA2760704762,Thu Jan 23 2025 00:00:00 GMT+0900 (Japan Standard Time),Mon Jan 27 2025 00:00:00 GMT+0900 (Japan Standard Time),,false,false,
false,136_デボン_15/100,駿河屋,Nintendo Switch Lite ターコイズ,10800,Tue Jan 28 2025 00:00:00 GMT+0900 (Japan Standard Time),181020308571,Wed Jan 29 2025 00:00:00 GMT+0900 (Japan Standard Time),Thu Jan 30 2025 00:00:00 GMT+0900 (Japan Standard Time),,false,false,
false,136_デボン_16/100,ヤフオク,Nintendo Switch Lite コーラル,14408,Fri Jan 24 2025 00:00:00 GMT+0900 (Japan Standard Time),4375-8288-2892,Mon Jan 27 2025 00:00:00 GMT+0900 (Japan Standard Time),Mon Jan 27 2025 00:00:00 GMT+0900 (Japan Standard Time),,false,false,
false,136_デボン_18/100,メルカリ,Nintendo Switch Lite ターコイズ,14000,Sat Jan 25 2025 00:00:00 GMT+0900 (Japan Standard Time),623519472962,Tue Jan 28 2025 00:00:00 GMT+0900 (Japan Standard Time),Thu Jan 30 2025 00:00:00 GMT+0900 (Japan Standard Time),,false,false,
false,136_デボン_17/100,駿河屋,Nintendo Switch Lite ターコイズ,13900,Tue Feb 04 2025 00:00:00 GMT+0900 (Japan Standard Time),181020363145,Thu Feb 06 2025 00:00:00 GMT+0900 (Japan Standard Time),Fri Feb 07 2025 00:00:00 GMT+0900 (Japan Standard Time),,false,false,
false,136_デボン_19/100,駿河屋,Nintendo Switch Lite グレー,14510,Mon Jan 27 2025 00:00:00 GMT+0900 (Japan Standard Time),492018924526,Fri Feb 07 2025 00:00:00 GMT+0900 (Japan Standard Time),Fri Feb 07 2025 00:00:00 GMT+0900 (Japan Standard Time),,false,false,
false,136_デボン_20/100,ヤフオク,Nintendo Switch Lite グレー,15299,Mon Jan 27 2025 00:00:00 GMT+0900 (Japan Standard Time),4375-9932-4584,Tue Jan 28 2025 00:00:00 GMT+0900 (Japan Standard Time),Fri Feb 07 2025 00:00:00 GMT+0900 (Japan Standard Time),,false,false,
false,在庫0127_2,ヤフオク,Nintendo Switch Lite ブルー,14324,Tue Jan 28 2025 00:00:00 GMT+0900 (Japan Standard Time),4376-1822-7432,Wed Jan 29 2025 00:00:00 GMT+0900 (Japan Standard Time),1/30devon,,false,false,
false,在庫0127_3,ヤフオク,Nintendo Switch Lite イエロー,15219,Tue Jan 28 2025 00:00:00 GMT+0900 (Japan Standard Time),4908-5335-2006,Thu Jan 30 2025 00:00:00 GMT+0900 (Japan Standard Time),Fri Feb 07 2025 00:00:00 GMT+0900 (Japan Standard Time),,false,false,
false,在庫0128_1,駿河屋,Nintendo Switch Lite グレー,12700,Sun Feb 02 2025 00:00:00 GMT+0900 (Japan Standard Time),181020356252,Wed Feb 05 2025 00:00:00 GMT+0900 (Japan Standard Time),Fri Feb 07 2025 00:00:00 GMT+0900 (Japan Standard Time),,false,false,
false,在庫0128_5,駿河屋,Nintendo Switch Lite ターコイズ,14678,Wed Jan 29 2025 00:00:00 GMT+0900 (Japan Standard Time),437631768512,Thu Jan 30 2025 00:00:00 GMT+0900 (Japan Standard Time),1/30devon,,false,false,
false,在庫0129_1,メルカリ,Nintendo Switch Lite ターコイズ,14000,Thu Jan 30 2025 00:00:00 GMT+0900 (Japan Standard Time),623042473686,Sun Feb 02 2025 00:00:00 GMT+0900 (Japan Standard Time),Fri Feb 07 2025 00:00:00 GMT+0900 (Japan Standard Time),,false,false,
false,在庫0129_4,駿河屋,Nintendo Switch Lite イエロー,14800,Tue Feb 04 2025 00:00:00 GMT+0900 (Japan Standard Time),181020363812,Thu Feb 06 2025 00:00:00 GMT+0900 (Japan Standard Time),Fri Feb 07 2025 00:00:00 GMT+0900 (Japan Standard Time),,false,false,
false,在庫0129_5 & 0129_6,駿河屋,Nintendo Switch Lite ターコイズ 2台,15100,Tue Feb 04 2025 00:00:00 GMT+0900 (Japan Standard Time),181020363812,Thu Feb 06 2025 00:00:00 GMT+0900 (Japan Standard Time),Fri Feb 07 2025 00:00:00 GMT+0900 (Japan Standard Time),"合計金額:30,200",false,false,
false,在庫0129_2,駿河屋,Nintendo Switch Lite グレー,12410,Sun Feb 02 2025 00:00:00 GMT+0900 (Japan Standard Time),492018926814,Thu Feb 06 2025 00:00:00 GMT+0900 (Japan Standard Time),Fri Feb 07 2025 00:00:00 GMT+0900 (Japan Standard Time),,false,false,
false,在庫0129_3,駿河屋,Nintendo Switch Lite ターコイズ,14810,Sun Feb 02 2025 00:00:00 GMT+0900 (Japan Standard Time),492018926814,Thu Feb 06 2025 00:00:00 GMT+0900 (Japan Standard Time),Fri Feb 07 2025 00:00:00 GMT+0900 (Japan Standard Time),,false,false,
false,148_デボン_1/100,駿河屋,Nintendo Switch Lite ターコイズ,12900,Sat Feb 08 2025 00:00:00 GMT+0900 (Japan Standard Time),181020403060,Tue Feb 11 2025 00:00:00 GMT+0900 (Japan Standard Time),Tue Feb 25 2025 00:00:00 GMT+0900 (Japan Standard Time),,false,false,
false,148_デボン_3/100,駿河屋,Nintendo Switch Lite ターコイズ,12400,Sun Feb 02 2025 00:00:00 GMT+0900 (Japan Standard Time),281047196636,Wed Feb 05 2025 00:00:00 GMT+0900 (Japan Standard Time),Fri Feb 07 2025 00:00:00 GMT+0900 (Japan Standard Time),,false,false,
false,148_デボン_4/100,駿河屋,Nintendo Switch Lite ターコイズ,15000,Sun Feb 02 2025 00:00:00 GMT+0900 (Japan Standard Time),281047196636,Wed Feb 05 2025 00:00:00 GMT+0900 (Japan Standard Time),Fri Feb 07 2025 00:00:00 GMT+0900 (Japan Standard Time),,false,false,
false,148_デボン_2/100,駿河屋,Nintendo Switch Lite コーラル,14880,Fri Jan 31 2025 00:00:00 GMT+0900 (Japan Standard Time),186310483203,Thu Feb 06 2025 00:00:00 GMT+0900 (Japan Standard Time),Fri Feb 07 2025 00:00:00 GMT+0900 (Japan Standard Time),,false,false,
false,148_デボン_5/100,アマゾン,Nintendo Switch Lite イエロー,14776,Sat Feb 01 2025 00:00:00 GMT+0900 (Japan Standard Time),759514292563,Sun Feb 02 2025 00:00:00 GMT+0900 (Japan Standard Time),Fri Feb 07 2025 00:00:00 GMT+0900 (Japan Standard Time),,false,false,
false,148_デボン_7/100,ヤフオク,Nintendo Switch Lite イエロー,14749,Sat Feb 01 2025 00:00:00 GMT+0900 (Japan Standard Time),4376-5281-0184,Sun Feb 02 2025 00:00:00 GMT+0900 (Japan Standard Time),Fri Feb 07 2025 00:00:00 GMT+0900 (Japan Standard Time),,false,false,
false,148_デボン_8/100,ヤフオク,Nintendo Switch Lite ブルー,14749,Sat Feb 01 2025 00:00:00 GMT+0900 (Japan Standard Time),4376-5281-0173,Sun Feb 02 2025 00:00:00 GMT+0900 (Japan Standard Time),Fri Feb 07 2025 00:00:00 GMT+0900 (Japan Standard Time),,false,false,
false,148_デボン_9/100,ヤフオク,Nintendo Switch Lite コーラル,14741,Sat Feb 01 2025 00:00:00 GMT+0900 (Japan Standard Time),4376-5281-1363,Sun Feb 02 2025 00:00:00 GMT+0900 (Japan Standard Time),Sun Feb 09 2025 00:00:00 GMT+0900 (Japan Standard Time),,false,false,
false,148_デボン_6/100,駿河屋,Nintendo Switch Lite ターコイズ,14880,Wed Feb 05 2025 00:00:00 GMT+0900 (Japan Standard Time),281025533014,Thu Feb 06 2025 00:00:00 GMT+0900 (Japan Standard Time),Fri Feb 07 2025 00:00:00 GMT+0900 (Japan Standard Time),,false,false,
false,148_デボン_10/100,ヤフオク,Nintendo Switch Lite ターコイズ,13762,Mon Feb 03 2025 00:00:00 GMT+0900 (Japan Standard Time),4376-5872-5136,Fri Feb 07 2025 00:00:00 GMT+0900 (Japan Standard Time),Fri Feb 07 2025 00:00:00 GMT+0900 (Japan Standard Time),,false,false,
false,148_デボン_11/100,ヤフオク,Nintendo Switch Lite ターコイズ,14740,Mon Feb 03 2025 00:00:00 GMT+0900 (Japan Standard Time),4376-5872-3585,Fri Feb 07 2025 00:00:00 GMT+0900 (Japan Standard Time),Fri Feb 07 2025 00:00:00 GMT+0900 (Japan Standard Time),,false,false,
false,148_デボン_13/100,ヤフオク,Nintendo Switch Lite ターコイズ,14199,Tue Feb 04 2025 00:00:00 GMT+0900 (Japan Standard Time),4376-7260-5053,Thu Feb 06 2025 00:00:00 GMT+0900 (Japan Standard Time),Fri Feb 07 2025 00:00:00 GMT+0900 (Japan Standard Time),,false,false,
false,148_デボン_12/100,駿河屋,Nintendo Switch Lite ターコイズ,9600,Fri Feb 07 2025 00:00:00 GMT+0900 (Japan Standard Time),181020390180,Sun Feb 09 2025 00:00:00 GMT+0900 (Japan Standard Time),Sun Feb 09 2025 00:00:00 GMT+0900 (Japan Standard Time),,false,false,
false,148_デボン_15/100,駿河屋,Nintendo Switch Lite ターコイズ,13411,Thu Feb 06 2025 00:00:00 GMT+0900 (Japan Standard Time),186347794404,Fri Feb 07 2025 00:00:00 GMT+0900 (Japan Standard Time),Fri Feb 07 2025 00:00:00 GMT+0900 (Japan Standard Time),,false,false,
false,148_デボン_17/100,ヤフオク,Nintendo Switch Lite グレー,14199,Thu Feb 06 2025 00:00:00 GMT+0900 (Japan Standard Time),4376-9375-7480,Fri Feb 07 2025 00:00:00 GMT+0900 (Japan Standard Time),Fri Feb 07 2025 00:00:00 GMT+0900 (Japan Standard Time),,false,false,
false,148_デボン_14/100,ペイペイフリマ,Nintendo Switch Lite イエロー,13000,Fri Feb 07 2025 00:00:00 GMT+0900 (Japan Standard Time),626128267870,Tue Feb 11 2025 00:00:00 GMT+0900 (Japan Standard Time),Tue Feb 25 2025 00:00:00 GMT+0900 (Japan Standard Time),,false,false,
false,148_デボン_16/100,ペイペイフリマ,Nintendo Switch Lite グレー,13000,Fri Feb 07 2025 00:00:00 GMT+0900 (Japan Standard Time),626128268043,Tue Feb 11 2025 00:00:00 GMT+0900 (Japan Standard Time),Tue Feb 25 2025 00:00:00 GMT+0900 (Japan Standard Time),,false,false,
false,148_デボン_18/100,ヤフオク,Nintendo Switch Lite グレー,14749,Fri Feb 07 2025 00:00:00 GMT+0900 (Japan Standard Time),4377-0518-5595,Sun Feb 09 2025 00:00:00 GMT+0900 (Japan Standard Time),Sun Feb 09 2025 00:00:00 GMT+0900 (Japan Standard Time),,false,false,
false,148_デボン_19/100,ヤフオク,Nintendo Switch Lite グレー,14628,Sat Feb 08 2025 00:00:00 GMT+0900 (Japan Standard Time),4377-1579-3443,Tue Feb 11 2025 00:00:00 GMT+0900 (Japan Standard Time),Tue Feb 25 2025 00:00:00 GMT+0900 (Japan Standard Time),,false,false,
false,148_デボン_20/100,ヤフオク,Nintendo Switch Lite イエロー,14749,Mon Feb 10 2025 00:00:00 GMT+0900 (Japan Standard Time),4377-2132-9570,Tue Feb 11 2025 00:00:00 GMT+0900 (Japan Standard Time),Tue Feb 25 2025 00:00:00 GMT+0900 (Japan Standard Time),,false,false,
false,148_デボン_21/100,ヤフオク,Nintendo Switch Lite ターコイズ,14740,Mon Feb 10 2025 00:00:00 GMT+0900 (Japan Standard Time),4377-2132-9555,Tue Feb 11 2025 00:00:00 GMT+0900 (Japan Standard Time),Tue Feb 25 2025 00:00:00 GMT+0900 (Japan Standard Time),,false,false,
false,在庫0210_1,アマゾン,Nintendo Switch Lite コーラル,14712,Mon Feb 10 2025 00:00:00 GMT+0900 (Japan Standard Time),759514342510,Tue Feb 11 2025 00:00:00 GMT+0900 (Japan Standard Time),Tue Feb 25 2025 00:00:00 GMT+0900 (Japan Standard Time),,false,false,
false,在庫0209_2,ヤフオク,Nintendo Switch Lite ブルー,13640,Mon Feb 10 2025 00:00:00 GMT+0900 (Japan Standard Time),4377-2132-8833,Tue Feb 11 2025 00:00:00 GMT+0900 (Japan Standard Time),Tue Feb 25 2025 00:00:00 GMT+0900 (Japan Standard Time),,false,false,
false,在庫0210_3,駿河屋,Nintendo Switch Lite グレー,12600,Wed Feb 12 2025 00:00:00 GMT+0900 (Japan Standard Time),186377823170,Fri Feb 14 2025 00:00:00 GMT+0900 (Japan Standard Time),Tue Feb 25 2025 00:00:00 GMT+0900 (Japan Standard Time),,false,false,
false,在庫0210_4&0210_5,駿河屋,Nintendo Switch Lite グレー 2台,14800,Wed Feb 12 2025 00:00:00 GMT+0900 (Japan Standard Time),186377823170,Fri Feb 14 2025 00:00:00 GMT+0900 (Japan Standard Time),Tue Feb 25 2025 00:00:00 GMT+0900 (Japan Standard Time),"合計金額：29,600",false,false,
false,在庫0211_2,ペイペイフリマ,Nintendo Switch Lite ターコイズ,13500,Tue Feb 11 2025 00:00:00 GMT+0900 (Japan Standard Time),626129443682,Fri Feb 14 2025 00:00:00 GMT+0900 (Japan Standard Time),Tue Feb 25 2025 00:00:00 GMT+0900 (Japan Standard Time),,false,false,
false,在庫0212_1,駿河屋,Nintendo Switch Lite コーラル,8920,Wed Feb 12 2025 00:00:00 GMT+0900 (Japan Standard Time),186348571312,Fri Feb 14 2025 00:00:00 GMT+0900 (Japan Standard Time),Tue Feb 25 2025 00:00:00 GMT+0900 (Japan Standard Time),,false,false,
false,在庫0214_3,ヤフオク,Nintendo Switch Lite ブルー,13649,Sat Feb 15 2025 00:00:00 GMT+0900 (Japan Standard Time),4377-7286-2376,Mon Feb 17 2025 00:00:00 GMT+0900 (Japan Standard Time),Tue Feb 25 2025 00:00:00 GMT+0900 (Japan Standard Time),,false,false,
false,在庫0215_2,ヤフオク,Nintendo Switch Lite グレー,13649,Mon Feb 17 2025 00:00:00 GMT+0900 (Japan Standard Time),4377-7833-0684,Wed Feb 19 2025 00:00:00 GMT+0900 (Japan Standard Time),Tue Feb 25 2025 00:00:00 GMT+0900 (Japan Standard Time),,false,false,
false,在庫0215_3,ヤフオク,Nintendo Switch Lite グレー,14199,Mon Feb 17 2025 00:00:00 GMT+0900 (Japan Standard Time),4377-7833-0765,Wed Feb 19 2025 00:00:00 GMT+0900 (Japan Standard Time),Tue Feb 25 2025 00:00:00 GMT+0900 (Japan Standard Time),,false,false,
false,在庫0215_4,ヤフオク,Switch Lite グレー,14199,Mon Feb 17 2025 00:00:00 GMT+0900 (Japan Standard Time),4377-7833-0695,-,-,,false,false,
false,在庫0215_5,ヤフオク,Nintendo Switch Lite ターコイズ,14740,Mon Feb 17 2025 00:00:00 GMT+0900 (Japan Standard Time),4377-7833-0651,Wed Feb 19 2025 00:00:00 GMT+0900 (Japan Standard Time),Tue Feb 25 2025 00:00:00 GMT+0900 (Japan Standard Time),,false,false,
false,在庫0216_1,駿河屋,Nintendo Switch Lite ターコイズ,14110,Mon Feb 17 2025 00:00:00 GMT+0900 (Japan Standard Time),186351158685,Wed Feb 19 2025 00:00:00 GMT+0900 (Japan Standard Time),Tue Feb 25 2025 00:00:00 GMT+0900 (Japan Standard Time),,false,false,
false,在庫0216_3,ヤフオク,Nintendo Switch Lite ターコイズ,13640,Tue Feb 18 2025 00:00:00 GMT+0900 (Japan Standard Time),4377-9127-4255,Wed Feb 19 2025 00:00:00 GMT+0900 (Japan Standard Time),Tue Feb 25 2025 00:00:00 GMT+0900 (Japan Standard Time),,false,false,
false,在庫0217_2,駿河屋,Nintendo Switch Lite グレー,11000,Tue Feb 25 2025 00:00:00 GMT+0900 (Japan Standard Time),181020539604,Sat Mar 01 2025 00:00:00 GMT+0900 (Japan Standard Time),Fri Mar 07 2025 00:00:00 GMT+0900 (Japan Standard Time),,false,false,
false,在庫0225_3,駿河屋,Nintendo Switch Lite ターコイズ,13680,Wed Feb 26 2025 00:00:00 GMT+0900 (Japan Standard Time),186398362883,Thu Feb 27 2025 00:00:00 GMT+0900 (Japan Standard Time),Fri Mar 07 2025 00:00:00 GMT+0900 (Japan Standard Time),,false,false,
false,在庫0225_4,駿河屋,Nintendo Switch Lite コーラル,11730,Wed Feb 26 2025 00:00:00 GMT+0900 (Japan Standard Time),439894052780,Sat Mar 01 2025 00:00:00 GMT+0900 (Japan Standard Time),Fri Mar 07 2025 00:00:00 GMT+0900 (Japan Standard Time),,false,false,
false,在庫0226_5,駿河屋,Nintendo Switch Lite イエロー,14000,Thu Feb 27 2025 00:00:00 GMT+0900 (Japan Standard Time),186399370334,Sat Mar 01 2025 00:00:00 GMT+0900 (Japan Standard Time),Fri Mar 07 2025 00:00:00 GMT+0900 (Japan Standard Time),,false,false,
false,在庫0226_6,駿河屋,Nintendo Switch Lite グレー,13800,Thu Feb 27 2025 00:00:00 GMT+0900 (Japan Standard Time),186399370334,Sat Mar 01 2025 00:00:00 GMT+0900 (Japan Standard Time),Fri Mar 07 2025 00:00:00 GMT+0900 (Japan Standard Time),,false,false,
false,在庫0226_10,駿河屋,Nintendo Switch Lite イエロー,13961,Thu Feb 27 2025 00:00:00 GMT+0900 (Japan Standard Time),186392896804,Sun Mar 02 2025 00:00:00 GMT+0900 (Japan Standard Time),Fri Mar 07 2025 00:00:00 GMT+0900 (Japan Standard Time),,false,false,
false,在庫0227_2,駿河屋,Switch Lite ターコイズ,13500,Mon Mar 03 2025 00:00:00 GMT+0900 (Japan Standard Time),181020587495,Tue Mar 18 2025 00:00:00 GMT+0900 (Japan Standard Time),Fri Mar 21 2025 00:00:00 GMT+0900 (Japan Standard Time),,false,false,
false,在庫0228_1,駿河屋,Switch Lite グレー,13390,Sun Mar 02 2025 00:00:00 GMT+0900 (Japan Standard Time),437892290544,Tue Mar 04 2025 00:00:00 GMT+0900 (Japan Standard Time),Tue Mar 11 2025 00:00:00 GMT+0900 (Japan Standard Time),,false,false,
false,在庫0301_1,アマゾン,Switch Lite ターコイズ,13447,Sun Mar 02 2025 00:00:00 GMT+0900 (Japan Standard Time),759514435245,Tue Mar 04 2025 00:00:00 GMT+0900 (Japan Standard Time),Tue Mar 11 2025 00:00:00 GMT+0900 (Japan Standard Time),,false,false,
false,在庫0302_1,ヤフオク,Switch Lite コーラル,14410,Tue Mar 04 2025 00:00:00 GMT+0900 (Japan Standard Time),4379-0754-1164,Fri Mar 07 2025 00:00:00 GMT+0900 (Japan Standard Time),Tue Mar 11 2025 00:00:00 GMT+0900 (Japan Standard Time),,false,false,
false,在庫0302_2,ヤフオク,Switch Lite ターコイズ,14410,Tue Mar 04 2025 00:00:00 GMT+0900 (Japan Standard Time),4379-0754-1142,Fri Mar 07 2025 00:00:00 GMT+0900 (Japan Standard Time),Tue Mar 11 2025 00:00:00 GMT+0900 (Japan Standard Time),,false,false,
false,在庫0305_1,駿河屋,Switch Lite イエロー,11670,Fri Mar 07 2025 00:00:00 GMT+0900 (Japan Standard Time),A281017623342A,Tue Mar 11 2025 00:00:00 GMT+0900 (Japan Standard Time),Fri Mar 14 2025 00:00:00 GMT+0900 (Japan Standard Time),,false,false,
false,在庫0308_2,ヤフオク,Switch Lite ターコイズ,14749,Mon Mar 10 2025 00:00:00 GMT+0900 (Japan Standard Time),4379-6244-0521,Tue Mar 11 2025 00:00:00 GMT+0900 (Japan Standard Time),Tue Mar 11 2025 00:00:00 GMT+0900 (Japan Standard Time),,false,false,
false,在庫0309_3,ヤフオク,Switch Lite グレー,13649,Mon Mar 10 2025 00:00:00 GMT+0900 (Japan Standard Time),4379-6244-1055,Tue Mar 11 2025 00:00:00 GMT+0900 (Japan Standard Time),Fri Mar 14 2025 00:00:00 GMT+0900 (Japan Standard Time),,false,false,
false,在庫0309_4,ヤフオク,Switch Lite ターコイズ,14752,Mon Mar 10 2025 00:00:00 GMT+0900 (Japan Standard Time),4379-6244-1044,Tue Mar 11 2025 00:00:00 GMT+0900 (Japan Standard Time),Fri Mar 14 2025 00:00:00 GMT+0900 (Japan Standard Time),,false,false,
false,在庫0309_5,ヤフオク,Switch Lite コーラル,14749,Mon Mar 10 2025 00:00:00 GMT+0900 (Japan Standard Time),4379-6244-1700,Tue Mar 11 2025 00:00:00 GMT+0900 (Japan Standard Time),Tue Mar 11 2025 00:00:00 GMT+0900 (Japan Standard Time),,false,false,
false,在庫0313_5&0313_6,駿河屋,Switch Lite ターコイズ 2台,13850,Fri Mar 14 2025 00:00:00 GMT+0900 (Japan Standard Time),472676849046,Mon Mar 17 2025 00:00:00 GMT+0900 (Japan Standard Time),Fri Mar 21 2025 00:00:00 GMT+0900 (Japan Standard Time),"合計金額：27,700",false,false,
false,在庫0314_1,駿河屋,Switch Lite グレー,11411,Sat Mar 15 2025 00:00:00 GMT+0900 (Japan Standard Time),186473154394,Mon Mar 17 2025 00:00:00 GMT+0900 (Japan Standard Time),Sat Apr 05 2025 00:00:00 GMT+0900 (Japan Standard Time),,false,false,
false,在庫0316_1,ペイペイフリマ,Switch Lite イエロー,13600,Sat Mar 15 2025 00:00:00 GMT+0900 (Japan Standard Time),626138064370,Thu Mar 20 2025 00:00:00 GMT+0900 (Japan Standard Time),Fri Mar 21 2025 00:00:00 GMT+0900 (Japan Standard Time),,false,false,
false,在庫0317_1 & 0317_2 & 0317_3 & 0317_4 & 0317_5 & 0317_6 & 0317_7,アマゾン,Switch Lite ターコイズ 7台,14800,Tue Mar 18 2025 00:00:00 GMT+0900 (Japan Standard Time),451619912155,Thu Mar 20 2025 00:00:00 GMT+0900 (Japan Standard Time),Sat Apr 05 2025 00:00:00 GMT+0900 (Japan Standard Time),"合計金額：103,600",false,false,
false,在庫0317_9,駿河屋,Switch Lite ターコイズ,13700,Tue Mar 18 2025 00:00:00 GMT+0900 (Japan Standard Time),438051028096,Thu Mar 20 2025 00:00:00 GMT+0900 (Japan Standard Time),Fri Mar 21 2025 00:00:00 GMT+0900 (Japan Standard Time),,false,false,
false,在庫0318_2,駿河屋,Switch Lite ターコイズ,13070,Wed Mar 19 2025 00:00:00 GMT+0900 (Japan Standard Time),438063374545,Thu Mar 20 2025 00:00:00 GMT+0900 (Japan Standard Time),Fri Mar 21 2025 00:00:00 GMT+0900 (Japan Standard Time),,false,false,
false,在庫0321_1,駿河屋,Switch Lite コーラル 箱付き,14400,Tue Mar 25 2025 00:00:00 GMT+0900 (Japan Standard Time),217313274161,Wed Mar 26 2025 00:00:00 GMT+0900 (Japan Standard Time),Sat Apr 05 2025 00:00:00 GMT+0900 (Japan Standard Time),,false,false,
false,在庫0321_2,駿河屋,Switch Lite ターコイズ,8200,Wed Mar 26 2025 00:00:00 GMT+0900 (Japan Standard Time),181020747353,Sat Mar 29 2025 00:00:00 GMT+0900 (Japan Standard Time),Sat Apr 05 2025 00:00:00 GMT+0900 (Japan Standard Time),,false,false,
false,在庫0323_2,駿河屋,Switch Lite コーラル 箱付き,13900,Tue Mar 25 2025 00:00:00 GMT+0900 (Japan Standard Time),438103705852,Wed Mar 26 2025 00:00:00 GMT+0900 (Japan Standard Time),Sat Apr 05 2025 00:00:00 GMT+0900 (Japan Standard Time),,false,false,
false,在庫0323_10,ヤフオク,Switch Lite ブルー 箱付き,14740,Tue Mar 25 2025 00:00:00 GMT+0900 (Japan Standard Time),4381-0180-8620,Wed Mar 26 2025 00:00:00 GMT+0900 (Japan Standard Time),Sat Apr 05 2025 00:00:00 GMT+0900 (Japan Standard Time),,false,false,
false,在庫0323_16,ヤフオク,Switch Lite グレー 箱付き,14190,Tue Mar 25 2025 00:00:00 GMT+0900 (Japan Standard Time),4381-0180-7500,Wed Mar 26 2025 00:00:00 GMT+0900 (Japan Standard Time),Sat Apr 05 2025 00:00:00 GMT+0900 (Japan Standard Time),,false,false,
false,在庫0325_1,アマゾン,Switch Lite グレー,14500,Sat Mar 29 2025 00:00:00 GMT+0900 (Japan Standard Time),DA4378972193,Mon Mar 31 2025 00:00:00 GMT+0900 (Japan Standard Time),Sat Apr 05 2025 00:00:00 GMT+0900 (Japan Standard Time),,false,false,
false,在庫0325_5,駿河屋,Switch Lite ブルー,14100,Wed Mar 26 2025 00:00:00 GMT+0900 (Japan Standard Time),438119403120,Thu Mar 27 2025 00:00:00 GMT+0900 (Japan Standard Time),Sat Apr 05 2025 00:00:00 GMT+0900 (Japan Standard Time),,false,false,
false,在庫0325_6,駿河屋,Switch Lite ブルー,14300,Wed Mar 26 2025 00:00:00 GMT+0900 (Japan Standard Time),438119403120,Thu Mar 27 2025 00:00:00 GMT+0900 (Japan Standard Time),Sat Apr 05 2025 00:00:00 GMT+0900 (Japan Standard Time),,false,false,
false,在庫0325_7,駿河屋,Switch Lite イエロー 箱付き,13701,Wed Mar 26 2025 00:00:00 GMT+0900 (Japan Standard Time),438119403120,Thu Mar 27 2025 00:00:00 GMT+0900 (Japan Standard Time),Sat Apr 05 2025 00:00:00 GMT+0900 (Japan Standard Time),,false,false,
false,在庫0326_1,駿河屋,Switch Lite ターコイズ,11510,Thu Mar 27 2025 00:00:00 GMT+0900 (Japan Standard Time),492018952412,Sat Mar 29 2025 00:00:00 GMT+0900 (Japan Standard Time),Sat Apr 05 2025 00:00:00 GMT+0900 (Japan Standard Time),,false,false,
false,在庫0327_3,駿河屋,Switch Lite コーラル ,12300,Thu Mar 27 2025 00:00:00 GMT+0900 (Japan Standard Time),186422001220,Sat Mar 29 2025 00:00:00 GMT+0900 (Japan Standard Time),Sat Apr 05 2025 00:00:00 GMT+0900 (Japan Standard Time),,false,false,
false,在庫0327_6,ヤフオク,Switch Lite イエロー 箱付き,13750,Sat Mar 29 2025 00:00:00 GMT+0900 (Japan Standard Time),4381-4612-2234,Mon Mar 31 2025 00:00:00 GMT+0900 (Japan Standard Time),Sat Apr 05 2025 00:00:00 GMT+0900 (Japan Standard Time),,false,false,
false,在庫0327_7,ヤフオク,Switch Lite イエロー 箱付き,11715,Sat Mar 29 2025 00:00:00 GMT+0900 (Japan Standard Time),4381-4612-2245,Mon Mar 31 2025 00:00:00 GMT+0900 (Japan Standard Time),Sat Apr 05 2025 00:00:00 GMT+0900 (Japan Standard Time),,false,false,
false,在庫0328_1,駿河屋,Switch Lite グレー,8400,Mon Mar 31 2025 00:00:00 GMT+0900 (Japan Standard Time),181020802362,Tue Apr 01 2025 00:00:00 GMT+0900 (Japan Standard Time),Sat Apr 05 2025 00:00:00 GMT+0900 (Japan Standard Time),,false,false,
true,在庫0330_1,駿河屋,Switch Lite ターコイズ 箱付き,13300,Fri Apr 04 2025 00:00:00 GMT+0900 (Japan Standard Time),181020823244,Mon Apr 07 2025 00:00:00 GMT+0900 (Japan Standard Time),在庫なし,,true,false,
true,在庫0330_7,駿河屋,Switch Lite ブルー 箱付き,14910,Wed Apr 02 2025 00:00:00 GMT+0900 (Japan Standard Time),438182058440,Thu Apr 03 2025 00:00:00 GMT+0900 (Japan Standard Time),Fri Jun 13 2025 00:00:00 GMT+0900 (Japan Standard Time),,true,true,
true,在庫0331_3,駿河屋,Switch Lite コーラル ,10500,Fri Apr 04 2025 00:00:00 GMT+0900 (Japan Standard Time),181020821785,Mon Apr 07 2025 00:00:00 GMT+0900 (Japan Standard Time),Fri Jun 13 2025 00:00:00 GMT+0900 (Japan Standard Time),,true,true,
true,在庫0331_4,駿河屋,Switch Lite ターコイズ 箱付き,11000,Fri Apr 04 2025 00:00:00 GMT+0900 (Japan Standard Time),181020821785,Mon Apr 07 2025 00:00:00 GMT+0900 (Japan Standard Time),Fri May 02 2025 00:00:00 GMT+0900 (Japan Standard Time),,true,true,
true,在庫0404_5,駿河屋,Switch Lite ターコイズ,11600,Sun Apr 06 2025 00:00:00 GMT+0900 (Japan Standard Time),186499836283,Mon Apr 07 2025 00:00:00 GMT+0900 (Japan Standard Time),Fri May 02 2025 00:00:00 GMT+0900 (Japan Standard Time),,true,true,
true,在庫0404_6,駿河屋,Switch Lite イエロー 箱付き,15030,Sun Apr 06 2025 00:00:00 GMT+0900 (Japan Standard Time),186499836283,Mon Apr 07 2025 00:00:00 GMT+0900 (Japan Standard Time),Fri May 02 2025 00:00:00 GMT+0900 (Japan Standard Time),,true,true,
true,在庫0404_9,駿河屋,Switch Lite イエロー,14800,Sat Apr 05 2025 00:00:00 GMT+0900 (Japan Standard Time),A186478481221A,Mon Apr 07 2025 00:00:00 GMT+0900 (Japan Standard Time),Fri May 02 2025 00:00:00 GMT+0900 (Japan Standard Time),,true,true,
true,在庫0406_4,駿河屋,Switch Lite コーラル  箱付き,14920,Tue Apr 08 2025 00:00:00 GMT+0900 (Japan Standard Time),440121524673,Thu Apr 10 2025 00:00:00 GMT+0900 (Japan Standard Time),2025/05/29ヤフオク,,true,true,
true,在庫0406_5&6,駿河屋,Switch Lite グレー 箱付き 2台,14560,Tue Apr 08 2025 00:00:00 GMT+0900 (Japan Standard Time),440121524673,Fri Jun 13 2025 00:00:00 GMT+0900 (Japan Standard Time),Fri Jun 13 2025 00:00:00 GMT+0900 (Japan Standard Time),"合計金額：29,120",true,true,
true,在庫0406_7,駿河屋,Switch Lite ブルー 箱付き,14720,Tue Apr 08 2025 00:00:00 GMT+0900 (Japan Standard Time),440121524673,Thu Apr 10 2025 00:00:00 GMT+0900 (Japan Standard Time),棚卸し,,true,false,
true,在庫0409_1,駿河屋,Switch Lite ターコイズ,13700,Thu Apr 10 2025 00:00:00 GMT+0900 (Japan Standard Time),440130357262,Sat Apr 12 2025 00:00:00 GMT+0900 (Japan Standard Time),Fri May 02 2025 00:00:00 GMT+0900 (Japan Standard Time),,true,true,
true,在庫0410_1,駿河屋,Switch Lite イエロー,12500,Mon Apr 14 2025 00:00:00 GMT+0900 (Japan Standard Time),181020892452,Tue Apr 15 2025 00:00:00 GMT+0900 (Japan Standard Time),Fri May 02 2025 00:00:00 GMT+0900 (Japan Standard Time),,true,true,
true,在庫0410_2,駿河屋,Switch Lite イエロー,13500,Mon Apr 14 2025 00:00:00 GMT+0900 (Japan Standard Time),181020892452,Tue Apr 15 2025 00:00:00 GMT+0900 (Japan Standard Time),Fri May 02 2025 00:00:00 GMT+0900 (Japan Standard Time),,true,true,
true,在庫0411_3,駿河屋,Switch Lite ターコイズ 箱付き,13800,Sat Apr 12 2025 00:00:00 GMT+0900 (Japan Standard Time),A186548902971A,Mon Apr 14 2025 00:00:00 GMT+0900 (Japan Standard Time),Fri May 02 2025 00:00:00 GMT+0900 (Japan Standard Time),,true,true,
true,在庫0414_2,駿河屋,Switch Lite ターコイズ 箱付き 3台,14400,Thu Apr 17 2025 00:00:00 GMT+0900 (Japan Standard Time),181020910490,Sat Apr 19 2025 00:00:00 GMT+0900 (Japan Standard Time),Fri Jun 13 2025 00:00:00 GMT+0900 (Japan Standard Time),"合計金額：43,200",true,true,
true,在庫0414_1,駿河屋,Switch Lite グレー,14400,Wed Apr 16 2025 00:00:00 GMT+0900 (Japan Standard Time),440162779641,Sat Apr 19 2025 00:00:00 GMT+0900 (Japan Standard Time),Fri Jun 13 2025 00:00:00 GMT+0900 (Japan Standard Time),,true,true,
true,在庫0415_1,駿河屋,Switch Lite ターコイズ 箱付き 2台,14400,Fri Apr 18 2025 00:00:00 GMT+0900 (Japan Standard Time),181020920592,Sat Apr 19 2025 00:00:00 GMT+0900 (Japan Standard Time),Fri Jun 13 2025 00:00:00 GMT+0900 (Japan Standard Time),"合計金額：28,800",true,true,
true,在庫0415_2,駿河屋,Switch Lite ターコイズ,7300,Fri Apr 18 2025 00:00:00 GMT+0900 (Japan Standard Time),764351686523,Tue Apr 22 2025 00:00:00 GMT+0900 (Japan Standard Time),Fri May 02 2025 00:00:00 GMT+0900 (Japan Standard Time),,true,true,
true,在庫0418_1,駿河屋,Switch Lite ターコイズ,12800,Fri Apr 18 2025 00:00:00 GMT+0900 (Japan Standard Time),A186548905351A,Tue Apr 22 2025 00:00:00 GMT+0900 (Japan Standard Time),Fri Jun 13 2025 00:00:00 GMT+0900 (Japan Standard Time),,true,true,
true,在庫0418_4,駿河屋,Switch Lite ターコイズ,14600,Sat Apr 19 2025 00:00:00 GMT+0900 (Japan Standard Time),186546427642,Tue Apr 22 2025 00:00:00 GMT+0900 (Japan Standard Time),Wed Apr 30 2025 00:00:00 GMT+0900 (Japan Standard Time),,true,true,
true,在庫0422_3,ヤフオク,Switch Lite イエロー 箱付き,14616,Thu Apr 24 2025 00:00:00 GMT+0900 (Japan Standard Time),4383-6837-2971,Fri Apr 25 2025 00:00:00 GMT+0900 (Japan Standard Time),Wed Apr 30 2025 00:00:00 GMT+0900 (Japan Standard Time),,true,true,
true,在庫0423_1,駿河屋,Switch Lite ブルー,12210,Thu Apr 24 2025 00:00:00 GMT+0900 (Japan Standard Time),492018972163,Mon Apr 28 2025 00:00:00 GMT+0900 (Japan Standard Time),Wed Apr 30 2025 00:00:00 GMT+0900 (Japan Standard Time),,true,true,
true,在庫0425_1,駿河屋,Switch Lite グレー 箱付き,14880,Fri Apr 25 2025 00:00:00 GMT+0900 (Japan Standard Time),4402-1709-9604,Fri Apr 25 2025 00:00:00 GMT+0900 (Japan Standard Time),Wed Apr 30 2025 00:00:00 GMT+0900 (Japan Standard Time),,true,true,
true,在庫0425_2,駿河屋,Switch Lite ブルー 箱付き,15180,Sat Apr 26 2025 00:00:00 GMT+0900 (Japan Standard Time),186447865590,Mon Apr 28 2025 00:00:00 GMT+0900 (Japan Standard Time),Fri Jun 13 2025 00:00:00 GMT+0900 (Japan Standard Time),,true,true,
true,在庫0425_3,駿河屋,Switch Lite イエロー 箱付き,13700,Wed Apr 30 2025 00:00:00 GMT+0900 (Japan Standard Time),181021012141,Thu May 01 2025 00:00:00 GMT+0900 (Japan Standard Time),Fri May 02 2025 00:00:00 GMT+0900 (Japan Standard Time),,true,true,
true,在庫0425_4,ヤフオク,Switch Lite グレー 箱付き,14740,Sat Apr 26 2025 00:00:00 GMT+0900 (Japan Standard Time),4383-9220-7481,Mon Apr 28 2025 00:00:00 GMT+0900 (Japan Standard Time),Wed Apr 30 2025 00:00:00 GMT+0900 (Japan Standard Time),,true,true,
true,在庫0427_2,ヤフオク,Switch Lite コーラル 箱付き,14691,Mon Apr 28 2025 00:00:00 GMT+0900 (Japan Standard Time),4383-9664-9972,Thu May 01 2025 00:00:00 GMT+0900 (Japan Standard Time),Fri May 02 2025 00:00:00 GMT+0900 (Japan Standard Time),,true,true,
true,在庫0427_4,駿河屋,Switch Lite グレー,13110,Tue Apr 29 2025 00:00:00 GMT+0900 (Japan Standard Time),492018976864,Thu May 01 2025 00:00:00 GMT+0900 (Japan Standard Time),Fri May 02 2025 00:00:00 GMT+0900 (Japan Standard Time),,true,true,
true,在庫0427_8,ヤフオク,Switch Lite イエロー 箱付き,14740,Mon Apr 28 2025 00:00:00 GMT+0900 (Japan Standard Time),4384-0323-3516,Thu May 01 2025 00:00:00 GMT+0900 (Japan Standard Time),棚卸し,,true,false,
true,在庫0428_7,ヤフオク,Switch Lite グレー,14740,Thu May 01 2025 00:00:00 GMT+0900 (Japan Standard Time),4384-2556-7506,Fri May 02 2025 00:00:00 GMT+0900 (Japan Standard Time),Fri Jun 13 2025 00:00:00 GMT+0900 (Japan Standard Time),,true,true,
true,在庫0428_12,ヤフオク,Switch Lite グレー 箱付き,14740,Thu May 01 2025 00:00:00 GMT+0900 (Japan Standard Time),4384-2556-7473,Fri May 02 2025 00:00:00 GMT+0900 (Japan Standard Time),Fri Jun 13 2025 00:00:00 GMT+0900 (Japan Standard Time),,true,true,
true,在庫0429_1,駿河屋,Switch Lite コーラル ,14700,Fri May 02 2025 00:00:00 GMT+0900 (Japan Standard Time),181016207116,Mon May 05 2025 00:00:00 GMT+0900 (Japan Standard Time),Fri Jun 13 2025 00:00:00 GMT+0900 (Japan Standard Time),,true,true,
true,在庫0429_2,駿河屋,Switch Lite グレー,14500,Wed Apr 30 2025 00:00:00 GMT+0900 (Japan Standard Time),186617006612,Thu May 01 2025 00:00:00 GMT+0900 (Japan Standard Time),Fri Jun 13 2025 00:00:00 GMT+0900 (Japan Standard Time),,true,true,
true,在庫0429_5,駿河屋,Switch Lite イエロー,7900,Thu May 01 2025 00:00:00 GMT+0900 (Japan Standard Time),438427465022,Fri May 02 2025 00:00:00 GMT+0900 (Japan Standard Time),Fri Jun 13 2025 00:00:00 GMT+0900 (Japan Standard Time),,true,true,
true,在庫0429_6,駿河屋,Switch Lite グレー,7400,Sun May 04 2025 00:00:00 GMT+0900 (Japan Standard Time),181016223253,Mon May 05 2025 00:00:00 GMT+0900 (Japan Standard Time),Fri Jun 13 2025 00:00:00 GMT+0900 (Japan Standard Time),,true,true,
true,在庫0430_2,駿河屋,Switch Lite イエロー,13300,Wed Apr 30 2025 00:00:00 GMT+0900 (Japan Standard Time),186550676690,Fri May 02 2025 00:00:00 GMT+0900 (Japan Standard Time),Fri Jun 13 2025 00:00:00 GMT+0900 (Japan Standard Time),,true,true,
true,在庫0430_9,ヤフオク,Switch Lite ターコイズ,14740,Thu May 01 2025 00:00:00 GMT+0900 (Japan Standard Time),4384-2556-8066,Fri May 02 2025 00:00:00 GMT+0900 (Japan Standard Time),Fri Jun 13 2025 00:00:00 GMT+0900 (Japan Standard Time),,true,true,
true,在庫0501_1,駿河屋,Switch Lite イエロー 箱付き,11710,Fri May 02 2025 00:00:00 GMT+0900 (Japan Standard Time),440249245354,Mon May 05 2025 00:00:00 GMT+0900 (Japan Standard Time),Fri Jun 13 2025 00:00:00 GMT+0900 (Japan Standard Time),,true,true,
true,在庫0501_3,駿河屋,Switch Lite イエロー 箱付き,14790,Thu May 01 2025 00:00:00 GMT+0900 (Japan Standard Time),186573763062,Mon May 05 2025 00:00:00 GMT+0900 (Japan Standard Time),0930棚卸し,,true,true,