, ,仕入先サイト,商品名,仕入れ単価,仕入先発送日,追跡番号,受取,発送,備考,入庫登録,出庫登録
,103_デボン_33/100,ヤフオク,Nintendo Switch 本体のみ HAC-001,15290,Fri Dec 27 2024 00:00:00 GMT+0900 (Japan Standard Time),4373-7981-1120,Sat Dec 28 2024 00:00:00 GMT+0900 (Japan Standard Time),デボン0105,,✓,✓
,103_デボン_34/100,ヤフオク,Nintendo Switch 本体のみ HAC-001,14740,Fri Dec 27 2024 00:00:00 GMT+0900 (Japan Standard Time),4373-7981-0744,Sun Jan 05 2025 00:00:00 GMT+0900 (Japan Standard Time),デボン0105,,✓,✓
,103_デボン_35/100,ヤフオク,Nintendo Switch 本体のみ HAC-001,13091,Sat Dec 28 2024 00:00:00 GMT+0900 (Japan Standard Time),4373-9154-2733,Sun Jan 05 2025 00:00:00 GMT+0900 (Japan Standard Time),デボン0105,,✓,✓
,103_デボン_36/100,ペイペイフリマ,Nintendo Switch 本体のみ HAC-001,13720,Fri Jan 03 2025 00:00:00 GMT+0900 (Japan Standard Time),626119517122,Sun Jan 05 2025 00:00:00 GMT+0900 (Japan Standard Time),デボン0105,,✓,✓
,103_デボン_37/100,ペイペイフリマ,Nintendo Switch 本体のみ HAC-001,14000,Sun Jan 05 2025 00:00:00 GMT+0900 (Japan Standard Time),626120207974,Fri Jan 10 2025 00:00:00 GMT+0900 (Japan Standard Time),devon0115,,✓,✓
,103_デボン_38/100,メルカリ,Nintendo Switch 本体のみ HAC-001,13800,Wed Jan 08 2025 00:00:00 GMT+0900 (Japan Standard Time),626794929423,Fri Jan 10 2025 00:00:00 GMT+0900 (Japan Standard Time),devon0115,,✓,✓
,103_デボン_39/100,ペイペイフリマ,Nintendo Switch 本体のみ HAC-001,13998,Thu Jan 09 2025 00:00:00 GMT+0900 (Japan Standard Time),521969684401,Fri Jan 10 2025 00:00:00 GMT+0900 (Japan Standard Time),devon0115,,✓,✓
,103_デボン_40/100,メルカリ,Nintendo Switch 本体のみ HAC-001,13500,Tue Jan 14 2025 00:00:00 GMT+0900 (Japan Standard Time),626803802914,Fri Jan 17 2025 00:00:00 GMT+0900 (Japan Standard Time),Fri Jan 24 2025 00:00:00 GMT+0900 (Japan Standard Time),,✓,✓
,103_デボン_41/100,ヤフオク,Nintendo Switch 本体のみ HAC-001,14470,Tue Jan 14 2025 00:00:00 GMT+0900 (Japan Standard Time),4374-8321-5175,Wed Jan 15 2025 00:00:00 GMT+0900 (Japan Standard Time),devon0115,,✓,✓
,103_デボン_42/100,ヤフオク,Nintendo Switch 本体のみ HAC-001,13762,Tue Jan 14 2025 00:00:00 GMT+0900 (Japan Standard Time),4374-8321-6170,Wed Jan 15 2025 00:00:00 GMT+0900 (Japan Standard Time),devon0115,,✓,✓
,103_デボン_43/100,ヤフオク,Nintendo Switch 本体のみ HAC-001,13762,Tue Jan 14 2025 00:00:00 GMT+0900 (Japan Standard Time),4374-8321-6181,Wed Jan 15 2025 00:00:00 GMT+0900 (Japan Standard Time),devon0115,,✓,✓
,103_デボン_44/100,メルカリ,Nintendo Switch 本体のみ HAC-001,13900,Wed Jan 15 2025 00:00:00 GMT+0900 (Japan Standard Time),822974232290,Fri Jan 17 2025 00:00:00 GMT+0900 (Japan Standard Time),Mon Jan 27 2025 00:00:00 GMT+0900 (Japan Standard Time),,✓,✓
,138_デボン_1/100,メルカリ,Nintendo Switch 本体のみ HAC-001,14000,Fri Jan 17 2025 00:00:00 GMT+0900 (Japan Standard Time),626807429765,Mon Jan 20 2025 00:00:00 GMT+0900 (Japan Standard Time),Mon Jan 20 2025 00:00:00 GMT+0900 (Japan Standard Time),,✓,✓
,138_デボン_2/100,ヤフオク,Nintendo Switch 本体のみ HAC-001,14191,Tue Jan 21 2025 00:00:00 GMT+0900 (Japan Standard Time),4375-5060-1412,Wed Jan 22 2025 00:00:00 GMT+0900 (Japan Standard Time),Fri Jan 24 2025 00:00:00 GMT+0900 (Japan Standard Time),,✓,✓
,138_デボン_3/100,ペイペイフリマ,Nintendo Switch 本体のみ HAC-001,12980,Thu Jan 23 2025 00:00:00 GMT+0900 (Japan Standard Time),626124600544,Mon Jan 27 2025 00:00:00 GMT+0900 (Japan Standard Time),Mon Jan 27 2025 00:00:00 GMT+0900 (Japan Standard Time),,✓,✓
,138_デボン_4/100,メルカリ,Nintendo Switch 本体のみ HAC-001,14000,Mon Jan 27 2025 00:00:00 GMT+0900 (Japan Standard Time),626821548345,Thu Jan 30 2025 00:00:00 GMT+0900 (Japan Standard Time),Fri Feb 07 2025 00:00:00 GMT+0900 (Japan Standard Time),,✓,✓
,138_デボン_5/100,ヤフオク,Nintendo Switch 本体のみ HAC-001,14190,Tue Jan 28 2025 00:00:00 GMT+0900 (Japan Standard Time),4376-1340-8120,Wed Jan 29 2025 00:00:00 GMT+0900 (Japan Standard Time),Fri Feb 07 2025 00:00:00 GMT+0900 (Japan Standard Time),,✓,✓
,138_デボン_6/100,ヤフオク,Nintendo Switch 本体のみ HAC-001,15290,Tue Jan 28 2025 00:00:00 GMT+0900 (Japan Standard Time),4376-1341-0275,Wed Jan 29 2025 00:00:00 GMT+0900 (Japan Standard Time),Fri Feb 07 2025 00:00:00 GMT+0900 (Japan Standard Time),,✓,✓
,138_デボン_7/100,メルカリ,Nintendo Switch 本体のみ HAC-001,14000,Sun Feb 02 2025 00:00:00 GMT+0900 (Japan Standard Time),922014209933,Wed Feb 05 2025 00:00:00 GMT+0900 (Japan Standard Time),Fri Feb 07 2025 00:00:00 GMT+0900 (Japan Standard Time),,✓,✓
,138_デボン_8/100,ヤフオク,Nintendo Switch 本体のみ HAC-001,11990,Mon Feb 03 2025 00:00:00 GMT+0900 (Japan Standard Time),4376-5872-5151,Thu Feb 06 2025 00:00:00 GMT+0900 (Japan Standard Time),Fri Feb 07 2025 00:00:00 GMT+0900 (Japan Standard Time),,✓,✓
,138_デボン_9/100,ヤフオク,Nintendo Switch 本体のみ HAC-001,12760,Mon Feb 03 2025 00:00:00 GMT+0900 (Japan Standard Time),4376-5872-5140,Thu Feb 06 2025 00:00:00 GMT+0900 (Japan Standard Time),Fri Feb 07 2025 00:00:00 GMT+0900 (Japan Standard Time),,✓,✓
,138_デボン_10/100,ヤフオク,Nintendo Switch 本体のみ HAC-001,13255,Mon Feb 03 2025 00:00:00 GMT+0900 (Japan Standard Time),4376-5872-4241,Thu Feb 06 2025 00:00:00 GMT+0900 (Japan Standard Time),Fri Feb 07 2025 00:00:00 GMT+0900 (Japan Standard Time),,✓,✓
,138_デボン_11/100,ヤフオク,Nintendo Switch 本体のみ HAC-001,14960,Mon Feb 03 2025 00:00:00 GMT+0900 (Japan Standard Time),4376-5872-2314,Thu Feb 06 2025 00:00:00 GMT+0900 (Japan Standard Time),Fri Feb 07 2025 00:00:00 GMT+0900 (Japan Standard Time),,✓,✓
,138_デボン_12/100,ヤフオク,Nintendo Switch 本体のみ HAC-001,13090,Tue Feb 04 2025 00:00:00 GMT+0900 (Japan Standard Time),4376-7260-5086,Fri Feb 07 2025 00:00:00 GMT+0900 (Japan Standard Time),Fri Feb 07 2025 00:00:00 GMT+0900 (Japan Standard Time),,✓,✓
,138_デボン_13/100,ヤフオク,Nintendo Switch 本体のみ HAC-001,13970,Tue Feb 04 2025 00:00:00 GMT+0900 (Japan Standard Time),4376-7260-5016,Fri Feb 07 2025 00:00:00 GMT+0900 (Japan Standard Time),Fri Feb 07 2025 00:00:00 GMT+0900 (Japan Standard Time),,✓,✓
,138_デボン_14/100,メルカリ,Nintendo Switch 本体のみ HAC-001,13800,Tue Feb 04 2025 00:00:00 GMT+0900 (Japan Standard Time),624145704173,Wed Feb 05 2025 00:00:00 GMT+0900 (Japan Standard Time),Fri Feb 07 2025 00:00:00 GMT+0900 (Japan Standard Time),,✓,✓
,138_デボン_15/100,メルカリ,Nintendo Switch 本体のみ HAC-001,13880,Tue Feb 04 2025 00:00:00 GMT+0900 (Japan Standard Time),626832955523,Thu Feb 06 2025 00:00:00 GMT+0900 (Japan Standard Time),Fri Feb 07 2025 00:00:00 GMT+0900 (Japan Standard Time),,✓,✓
,138_デボン_17/100,ペイペイフリマ,Nintendo Switch 本体のみ HAC-001,14000,Thu Feb 06 2025 00:00:00 GMT+0900 (Japan Standard Time),921022887676,Tue Feb 11 2025 00:00:00 GMT+0900 (Japan Standard Time),,,✓,✓
,138_デボン_18/100,ヤフオク,Nintendo Switch 本体のみ HAC-001,14000,Fri Feb 07 2025 00:00:00 GMT+0900 (Japan Standard Time),624069729721,Tue Feb 11 2025 00:00:00 GMT+0900 (Japan Standard Time),,,✓,✓
,138_デボン_19/100,ヤフオク,Nintendo Switch 本体のみ HAC-001,13640,Sat Feb 08 2025 00:00:00 GMT+0900 (Japan Standard Time),4377-1579-3454,Tue Feb 11 2025 00:00:00 GMT+0900 (Japan Standard Time),,,✓,✓
,138_デボン_20/100,ヤフオク,Nintendo Switch 本体のみ HAC-001,13750,Mon Feb 10 2025 00:00:00 GMT+0900 (Japan Standard Time),4377-2133-0701,Tue Feb 11 2025 00:00:00 GMT+0900 (Japan Standard Time),,,✓,✓
,138_デボン_16/100,ヤフオク,Nintendo Switch 本体のみ HAC-001,13091,Mon Feb 10 2025 00:00:00 GMT+0900 (Japan Standard Time),4377-2132-5506,Tue Feb 11 2025 00:00:00 GMT+0900 (Japan Standard Time),,,✓,✓
,138_デボン_21/100,ヤフオク,Nintendo Switch 本体のみ HAC-001,13641,Mon Feb 10 2025 00:00:00 GMT+0900 (Japan Standard Time),4377-2132-5521,Tue Feb 11 2025 00:00:00 GMT+0900 (Japan Standard Time),,,✓,✓
,138_デボン_22/100,ヤフオク,Nintendo Switch 本体のみ HAC-001,13750,Mon Feb 10 2025 00:00:00 GMT+0900 (Japan Standard Time),4377-2132-5510,Tue Feb 11 2025 00:00:00 GMT+0900 (Japan Standard Time),,,✓,✓
,138_デボン_23/100,ヤフオク,Nintendo Switch 本体のみ HAC-001,14312,Mon Feb 10 2025 00:00:00 GMT+0900 (Japan Standard Time),4377-2133-0712,Tue Feb 11 2025 00:00:00 GMT+0900 (Japan Standard Time),,,✓,✓
,138_デボン_24/100,ヤフオク,Nintendo Switch 本体のみ HAC-001,13750,Mon Feb 10 2025 00:00:00 GMT+0900 (Japan Standard Time),4377-2133-0734,Tue Feb 11 2025 00:00:00 GMT+0900 (Japan Standard Time),,,✓,✓
,138_デボン_25/100,ヤフオク,Nintendo Switch 本体のみ HAC-001,15070,Thu Feb 13 2025 00:00:00 GMT+0900 (Japan Standard Time),4377-5207-1562,Fri Feb 14 2025 00:00:00 GMT+0900 (Japan Standard Time),Wed Feb 19 2025 00:00:00 GMT+0900 (Japan Standard Time),,✓,✓
,138_デボン_26/100,ペイペイフリマ,Nintendo Switch 本体のみ HAC-001,13000,Fri Feb 14 2025 00:00:00 GMT+0900 (Japan Standard Time),624070292075,Mon Feb 17 2025 00:00:00 GMT+0900 (Japan Standard Time),Wed Feb 19 2025 00:00:00 GMT+0900 (Japan Standard Time),,✓,✓
,138_デボン_27/100,ヤフオク,Nintendo Switch 本体のみ HAC-001,15290,Sat Feb 15 2025 00:00:00 GMT+0900 (Japan Standard Time),4377-7286-2973,Mon Feb 17 2025 00:00:00 GMT+0900 (Japan Standard Time),Wed Feb 19 2025 00:00:00 GMT+0900 (Japan Standard Time),,✓,✓
,在庫0217_3,メルカリ,Nintendo Switch 本体のみ 未対策,15380,Tue Feb 18 2025 00:00:00 GMT+0900 (Japan Standard Time),626851984522,Sat Feb 22 2025 00:00:00 GMT+0900 (Japan Standard Time),vihn0303,,✓,✓
,在庫0217_4,メルカリ,Nintendo Switch 本体のみ 未対策,15380,Tue Feb 18 2025 00:00:00 GMT+0900 (Japan Standard Time),626851648345,Wed Feb 19 2025 00:00:00 GMT+0900 (Japan Standard Time),7534,,✓,✓
,在庫0217_5,メルカリ,Nintendo Switch 本体のみ 未対策,15700,Mon Feb 17 2025 00:00:00 GMT+0900 (Japan Standard Time),626850745242,Wed Feb 19 2025 00:00:00 GMT+0900 (Japan Standard Time),vihn0303,,✓,✓
,在庫0218_2,メルカリ,Nintendo Switch 本体のみ 未対策,15000,Wed Feb 19 2025 00:00:00 GMT+0900 (Japan Standard Time),626852914041,Sat Feb 22 2025 00:00:00 GMT+0900 (Japan Standard Time),vihn0303,,✓,✓
,在庫0218_4,メルカリ,Nintendo Switch 本体のみ 未対策,15500,Tue Feb 18 2025 00:00:00 GMT+0900 (Japan Standard Time),922055786330,Sat Feb 22 2025 00:00:00 GMT+0900 (Japan Standard Time),vihn0303,,✓,✓
,173_デボン_1/100,ペイペイフリマ,Switch 本体のみ,13000,Thu Feb 20 2025 00:00:00 GMT+0900 (Japan Standard Time),921049479420,Mon Feb 24 2025 00:00:00 GMT+0900 (Japan Standard Time),,,✓,在庫なし
,173_デボン_2/100,ペイペイフリマ,Switch 本体のみ,13499,Fri Feb 21 2025 00:00:00 GMT+0900 (Japan Standard Time),626132079812,Mon Feb 24 2025 00:00:00 GMT+0900 (Japan Standard Time),,,✓,在庫なし
,182_Vinh_1/7,メルカリ,Nintendo Switch 本体のみ 未対策,15000,Thu Feb 27 2025 00:00:00 GMT+0900 (Japan Standard Time),626864715153,Sun Mar 02 2025 00:00:00 GMT+0900 (Japan Standard Time),vihn0303,,✓,✓
,182_Vinh_2/7,メルカリ,Nintendo Switch 本体のみ 未対策,16000,Thu Feb 27 2025 00:00:00 GMT+0900 (Japan Standard Time),922075995245,Sun Mar 02 2025 00:00:00 GMT+0900 (Japan Standard Time),vihn0303,,✓,✓
,182_Vinh_3/7,メルカリ,Nintendo Switch 本体のみ 未対策,16180,Thu Feb 27 2025 00:00:00 GMT+0900 (Japan Standard Time),922075998502,Sat Mar 01 2025 00:00:00 GMT+0900 (Japan Standard Time),vihn0303,,✓,✓
,185_Like_1/20,ペイペイフリマ,Nintendo Switch 本体のみ,13980,Sat Mar 01 2025 00:00:00 GMT+0900 (Japan Standard Time),626133938150,Sun Mar 02 2025 00:00:00 GMT+0900 (Japan Standard Time),Tue Mar 11 2025 00:00:00 GMT+0900 (Japan Standard Time),,✓,✓
,185_Like_2/20,ヤフオク,Nintendo Switch 本体のみ,14190,Sat Mar 01 2025 00:00:00 GMT+0900 (Japan Standard Time),4378-8959-5846,Sun Mar 02 2025 00:00:00 GMT+0900 (Japan Standard Time),Tue Mar 11 2025 00:00:00 GMT+0900 (Japan Standard Time),,✓,✓
,183_デボン_1/50,ヤフオク,Nintendo Switch 本体のみ,14740,Tue Mar 04 2025 00:00:00 GMT+0900 (Japan Standard Time),4379-0754-2166,Fri Mar 07 2025 00:00:00 GMT+0900 (Japan Standard Time),Fri Mar 07 2025 00:00:00 GMT+0900 (Japan Standard Time),,✓,✓
,183_デボン_2/50,ヤフオク,Nintendo Switch 本体のみ,14740,Tue Mar 04 2025 00:00:00 GMT+0900 (Japan Standard Time),4379-0754-2015,Fri Mar 07 2025 00:00:00 GMT+0900 (Japan Standard Time),Fri Mar 07 2025 00:00:00 GMT+0900 (Japan Standard Time),,✓,✓
,183_デボン_3/50,ヤフオク,Nintendo Switch 本体のみ,14740,Tue Mar 04 2025 00:00:00 GMT+0900 (Japan Standard Time),4379-0754-2656,"3/7,2017製未対策",Sat Apr 05 2025 00:00:00 GMT+0900 (Japan Standard Time),,✓,✓
,185_Like_3/20,ペイペイフリマ,Nintendo Switch 本体のみ,13800,Wed Mar 05 2025 00:00:00 GMT+0900 (Japan Standard Time),829165446443,"3/7,2017製未対策",3/25→Like,,✓,✓
,185_Like_4/20,メルカリ,Nintendo Switch 本体のみ,14500,Wed Mar 05 2025 00:00:00 GMT+0900 (Japan Standard Time),922092417536,Tue Mar 11 2025 00:00:00 GMT+0900 (Japan Standard Time),3/25→Like,,✓,✓
,183_デボン_4/50,ヤフオク,Nintendo Switch 本体のみ,13330,Thu Mar 06 2025 00:00:00 GMT+0900 (Japan Standard Time),626135320403,Tue Mar 11 2025 00:00:00 GMT+0900 (Japan Standard Time),Fri Mar 14 2025 00:00:00 GMT+0900 (Japan Standard Time),,✓,✓
,183_デボン_5/50,ペイペイフリマ,Nintendo Switch 本体のみ,13500,Thu Mar 06 2025 00:00:00 GMT+0900 (Japan Standard Time),626135393354,Fri Mar 07 2025 00:00:00 GMT+0900 (Japan Standard Time),3/25→Like,,✓,✓
,183_デボン_6/50,メルカリ,Nintendo Switch 本体のみ,13230,Sat Mar 08 2025 00:00:00 GMT+0900 (Japan Standard Time),437956701512,Tue Mar 11 2025 00:00:00 GMT+0900 (Japan Standard Time),Fri Mar 14 2025 00:00:00 GMT+0900 (Japan Standard Time),,✓,✓
,183_デボン_7/50,メルカリ,Nintendo Switch 本体のみ,13230,Sat Mar 08 2025 00:00:00 GMT+0900 (Japan Standard Time),437956701512,Tue Mar 11 2025 00:00:00 GMT+0900 (Japan Standard Time),Fri Mar 14 2025 00:00:00 GMT+0900 (Japan Standard Time),,✓,✓
,183_デボン_8/50,メルカリ,Nintendo Switch 本体のみ,13230,Sat Mar 08 2025 00:00:00 GMT+0900 (Japan Standard Time),437956701512,Tue Mar 11 2025 00:00:00 GMT+0900 (Japan Standard Time),Fri Mar 14 2025 00:00:00 GMT+0900 (Japan Standard Time),,✓,✓
,183_デボン_9/50,メルカリ,Nintendo Switch 本体のみ,13230,Sat Mar 08 2025 00:00:00 GMT+0900 (Japan Standard Time),437956701512,Tue Mar 11 2025 00:00:00 GMT+0900 (Japan Standard Time),Fri Mar 14 2025 00:00:00 GMT+0900 (Japan Standard Time),,✓,✓
,183_デボン_10/50,メルカリ,Nintendo Switch 本体のみ,13230,Sat Mar 08 2025 00:00:00 GMT+0900 (Japan Standard Time),437956701512,Tue Mar 11 2025 00:00:00 GMT+0900 (Japan Standard Time),Fri Mar 14 2025 00:00:00 GMT+0900 (Japan Standard Time),,✓,✓
,183_デボン_11/50,メルカリ,Nintendo Switch 本体のみ,13230,Sat Mar 08 2025 00:00:00 GMT+0900 (Japan Standard Time),437956701512,Tue Mar 11 2025 00:00:00 GMT+0900 (Japan Standard Time),Fri Mar 14 2025 00:00:00 GMT+0900 (Japan Standard Time),,✓,✓
,183_デボン_12/50,メルカリ,Nintendo Switch 本体のみ,13000,Mon Mar 10 2025 00:00:00 GMT+0900 (Japan Standard Time),922104452371,Thu Mar 13 2025 00:00:00 GMT+0900 (Japan Standard Time),Fri Mar 14 2025 00:00:00 GMT+0900 (Japan Standard Time),,✓,✓
,183_デボン_17/50,ヤフオク,Nintendo Switch 本体のみ,13670,Wed Mar 12 2025 00:00:00 GMT+0900 (Japan Standard Time),239537995325,Thu Mar 13 2025 00:00:00 GMT+0900 (Japan Standard Time),Fri Mar 14 2025 00:00:00 GMT+0900 (Japan Standard Time),,✓,✓
,183_デボン_13/50,メルカリ,Nintendo Switch 本体のみ,13920,Wed Mar 12 2025 00:00:00 GMT+0900 (Japan Standard Time),626882096621,Thu Mar 13 2025 00:00:00 GMT+0900 (Japan Standard Time),Fri Mar 14 2025 00:00:00 GMT+0900 (Japan Standard Time),,✓,✓
,183_デボン_14/50,メルカリ,Nintendo Switch 本体のみ,13230,Wed Mar 12 2025 00:00:00 GMT+0900 (Japan Standard Time),437992519624,Thu Mar 13 2025 00:00:00 GMT+0900 (Japan Standard Time),Fri Mar 14 2025 00:00:00 GMT+0900 (Japan Standard Time),,✓,✓
,183_デボン_15/50,メルカリ,Nintendo Switch 本体のみ,13230,Wed Mar 12 2025 00:00:00 GMT+0900 (Japan Standard Time),437992519624,Thu Mar 13 2025 00:00:00 GMT+0900 (Japan Standard Time),Fri Mar 14 2025 00:00:00 GMT+0900 (Japan Standard Time),,✓,✓
,183_デボン_16/50,メルカリ,Nintendo Switch 本体のみ,13230,Wed Mar 12 2025 00:00:00 GMT+0900 (Japan Standard Time),437992519624,Thu Mar 13 2025 00:00:00 GMT+0900 (Japan Standard Time),Fri Mar 14 2025 00:00:00 GMT+0900 (Japan Standard Time),,✓,✓
,183_デボン_18/50,ペイペイフリマ,Nintendo Switch 本体のみ 未対策,12999,Thu Mar 13 2025 00:00:00 GMT+0900 (Japan Standard Time),626137232921,Mon Mar 17 2025 00:00:00 GMT+0900 (Japan Standard Time),Fri Mar 21 2025 00:00:00 GMT+0900 (Japan Standard Time),,✓,✓
,在庫0314_2,メルカリ,Nintendo Switch 本体のみ 未対策,14500,Fri Mar 14 2025 00:00:00 GMT+0900 (Japan Standard Time),626884657895,Mon Mar 17 2025 00:00:00 GMT+0900 (Japan Standard Time),3/25→Like,,✓,✓
,183_デボン_19/50,ペイペイフリマ,Nintendo Switch 本体のみ,14000,Sat Mar 15 2025 00:00:00 GMT+0900 (Japan Standard Time),626137672134,Tue Mar 18 2025 00:00:00 GMT+0900 (Japan Standard Time),Fri Mar 21 2025 00:00:00 GMT+0900 (Japan Standard Time),,✓,✓
,183_デボン_20/50,メルカリ,Nintendo Switch 本体のみ,13230,Sun Mar 16 2025 00:00:00 GMT+0900 (Japan Standard Time),438027252596,Mon Mar 17 2025 00:00:00 GMT+0900 (Japan Standard Time),Fri Mar 21 2025 00:00:00 GMT+0900 (Japan Standard Time),,✓,✓
,183_デボン_21/50,メルカリ,Nintendo Switch 本体のみ,13230,Sun Mar 16 2025 00:00:00 GMT+0900 (Japan Standard Time),438027252596,Mon Mar 17 2025 00:00:00 GMT+0900 (Japan Standard Time),Fri Mar 21 2025 00:00:00 GMT+0900 (Japan Standard Time),,✓,✓
,183_デボン_22/50,メルカリ,Nintendo Switch 本体のみ,13230,Sun Mar 16 2025 00:00:00 GMT+0900 (Japan Standard Time),438027252596,Mon Mar 17 2025 00:00:00 GMT+0900 (Japan Standard Time),Fri Mar 21 2025 00:00:00 GMT+0900 (Japan Standard Time),,✓,✓
,183_デボン_23/50,メルカリ,Nintendo Switch 本体のみ,13230,Sun Mar 16 2025 00:00:00 GMT+0900 (Japan Standard Time),438027252596,Mon Mar 17 2025 00:00:00 GMT+0900 (Japan Standard Time),Fri Mar 21 2025 00:00:00 GMT+0900 (Japan Standard Time),,✓,✓
,183_デボン_24/50,メルカリ,Nintendo Switch 本体のみ,13230,Sun Mar 16 2025 00:00:00 GMT+0900 (Japan Standard Time),438027252596,Mon Mar 17 2025 00:00:00 GMT+0900 (Japan Standard Time),Fri Mar 21 2025 00:00:00 GMT+0900 (Japan Standard Time),,✓,✓
,183_デボン_25/50,メルカリ,Nintendo Switch 本体のみ,13230,Sun Mar 16 2025 00:00:00 GMT+0900 (Japan Standard Time),438027252596,Mon Mar 17 2025 00:00:00 GMT+0900 (Japan Standard Time),Fri Mar 21 2025 00:00:00 GMT+0900 (Japan Standard Time),,✓,✓
,183_デボン_26/50,メルカリ,Nintendo Switch 本体のみ,13230,Sun Mar 16 2025 00:00:00 GMT+0900 (Japan Standard Time),438027252596,Mon Mar 17 2025 00:00:00 GMT+0900 (Japan Standard Time),Fri Mar 21 2025 00:00:00 GMT+0900 (Japan Standard Time),,✓,✓
,183_デボン_27/50,メルカリ,Nintendo Switch 本体のみ,13230,Sun Mar 16 2025 00:00:00 GMT+0900 (Japan Standard Time),438027252596,Mon Mar 17 2025 00:00:00 GMT+0900 (Japan Standard Time),3/25→Like,,✓,✓
,183_デボン_28/50,メルカリ,Nintendo Switch 本体のみ,13230,Sun Mar 16 2025 00:00:00 GMT+0900 (Japan Standard Time),438027252596,Mon Mar 17 2025 00:00:00 GMT+0900 (Japan Standard Time),3/25→Like,,✓,✓
,183_デボン_29/50,メルカリ,Nintendo Switch 本体のみ,13230,Sun Mar 16 2025 00:00:00 GMT+0900 (Japan Standard Time),438027252596,Mon Mar 17 2025 00:00:00 GMT+0900 (Japan Standard Time),3/25→Like,,✓,✓
,183_デボン_30/50,ヤフオク,Nintendo Switch 本体のみ,13640,Tue Mar 18 2025 00:00:00 GMT+0900 (Japan Standard Time),4380-4288-5346,Thu Mar 20 2025 00:00:00 GMT+0900 (Japan Standard Time),Fri Mar 21 2025 00:00:00 GMT+0900 (Japan Standard Time),,✓,✓
,183_デボン_31/50,ペイペイフリマ,Nintendo Switch 本体のみ,13800,Tue Mar 18 2025 00:00:00 GMT+0900 (Japan Standard Time),829166211856,Thu Mar 20 2025 00:00:00 GMT+0900 (Japan Standard Time),Fri Mar 21 2025 00:00:00 GMT+0900 (Japan Standard Time),,✓,✓
,在庫0323_9,ヤフオク,Nintendo Switch 本体のみ,13090,Tue Mar 25 2025 00:00:00 GMT+0900 (Japan Standard Time),4381-0180-7135,Sat Apr 05 2025 00:00:00 GMT+0900 (Japan Standard Time),Sat Apr 05 2025 00:00:00 GMT+0900 (Japan Standard Time),,✓,✓
,在庫0323_11,ヤフオク,Nintendo Switch 本体のみ,14190,Tue Mar 25 2025 00:00:00 GMT+0900 (Japan Standard Time),4381-0180-7791,Wed Mar 26 2025 00:00:00 GMT+0900 (Japan Standard Time),Wed Apr 02 2025 00:00:00 GMT+0900 (Japan Standard Time),,✓,✓
,在庫0323_15,ヤフオク,Nintendo Switch 本体のみ,14190,Tue Mar 25 2025 00:00:00 GMT+0900 (Japan Standard Time),4381-0180-7813,Sat Apr 05 2025 00:00:00 GMT+0900 (Japan Standard Time),Sat Apr 05 2025 00:00:00 GMT+0900 (Japan Standard Time),,✓,✓
,199_Like_3/6,ペイペイフリマ,Switch 有機 本体のみ,18480,Wed Mar 26 2025 00:00:00 GMT+0900 (Japan Standard Time),829166647083,Sat Mar 29 2025 00:00:00 GMT+0900 (Japan Standard Time),Wed Apr 02 2025 00:00:00 GMT+0900 (Japan Standard Time),,✓,✓
,199_Like_4/6,ペイペイフリマ,Switch 有機 本体のみ,18980,Wed Mar 26 2025 00:00:00 GMT+0900 (Japan Standard Time),626140501560,Thu Mar 27 2025 00:00:00 GMT+0900 (Japan Standard Time),Wed Apr 02 2025 00:00:00 GMT+0900 (Japan Standard Time),,✓,✓
,199_Like_1/6,メルカリ,Switch 有機 本体のみ,20800,Thu Mar 27 2025 00:00:00 GMT+0900 (Japan Standard Time),626903424361,Mon Mar 31 2025 00:00:00 GMT+0900 (Japan Standard Time),Wed Apr 02 2025 00:00:00 GMT+0900 (Japan Standard Time),,✓,✓
,199_Like_2/6,メルカリ,Switch 有機 本体のみ,21300,Wed Mar 26 2025 00:00:00 GMT+0900 (Japan Standard Time),922146000020,Thu Mar 27 2025 00:00:00 GMT+0900 (Japan Standard Time),Wed Apr 02 2025 00:00:00 GMT+0900 (Japan Standard Time),,✓,✓
,在庫0401_9,ヤフオク,Nintendo Switch 本体のみ,13641,Thu Apr 03 2025 00:00:00 GMT+0900 (Japan Standard Time),4381-8522-6113,Sat Apr 05 2025 00:00:00 GMT+0900 (Japan Standard Time),Sat Apr 05 2025 00:00:00 GMT+0900 (Japan Standard Time),,✓,✓
true,在庫0406_3,ヤフオク,Switch 本体のみ,15290,Mon Apr 07 2025 00:00:00 GMT+0900 (Japan Standard Time),4382-1128-3543,Wed Apr 09 2025 00:00:00 GMT+0900 (Japan Standard Time),Sat Apr 26 2025 00:00:00 GMT+0900 (Japan Standard Time),,true,true
true,在庫0406_8,ヤフオク,Switch 有機 本体のみ,19910,Mon Apr 07 2025 00:00:00 GMT+0900 (Japan Standard Time),4382-1128-0861,Wed Apr 09 2025 00:00:00 GMT+0900 (Japan Standard Time),Sat Apr 26 2025 00:00:00 GMT+0900 (Japan Standard Time),,true,true
true,在庫0407_1,ヤフオク,Switch 本体のみ,14190,Thu Apr 10 2025 00:00:00 GMT+0900 (Japan Standard Time),4382-4500-1681,Sat Apr 12 2025 00:00:00 GMT+0900 (Japan Standard Time),,,true,false
true,在庫0407_2,ヤフオク,Switch 本体のみ,14190,Thu Apr 10 2025 00:00:00 GMT+0900 (Japan Standard Time),4382-4500-1670,Sat Apr 12 2025 00:00:00 GMT+0900 (Japan Standard Time),,,true,false
true,在庫0410_4,ヤフオク,Switch 本体のみ,14740,Mon Apr 14 2025 00:00:00 GMT+0900 (Japan Standard Time),4382-6594-9866,Mon Apr 14 2025 00:00:00 GMT+0900 (Japan Standard Time),,,true,true
true,在庫0413_1,ヤフオク,Switch 有機 本体のみ,20240,Tue Apr 15 2025 00:00:00 GMT+0900 (Japan Standard Time),4382-8351-9590,Thu Apr 17 2025 00:00:00 GMT+0900 (Japan Standard Time),,,true,true
true,在庫0415_4,メルカリ,Switch 本体のみ,13900,Tue Apr 15 2025 00:00:00 GMT+0900 (Japan Standard Time),626932518472,Sat Apr 19 2025 00:00:00 GMT+0900 (Japan Standard Time),,,true,true
true,在庫0417_6,ヤフオク,Switch 未対策 本体のみ ,13730,Fri Apr 18 2025 00:00:00 GMT+0900 (Japan Standard Time),626146201122,Tue Apr 22 2025 00:00:00 GMT+0900 (Japan Standard Time),,,true,true
true,在庫0417_7,ヤフオク,Switch 有機 本体のみ,21010,Fri Apr 18 2025 00:00:00 GMT+0900 (Japan Standard Time),4383-2182-8696,Sat Apr 19 2025 00:00:00 GMT+0900 (Japan Standard Time),,,true,true
true,在庫0418_2,ヤフオク,Switch 本体のみ,13090,Sat Apr 19 2025 00:00:00 GMT+0900 (Japan Standard Time),4383-2771-1651,Tue Apr 22 2025 00:00:00 GMT+0900 (Japan Standard Time),,,true,false
true,在庫0418_3,ヤフオク,Switch 本体のみ,13645,Sat Apr 19 2025 00:00:00 GMT+0900 (Japan Standard Time),4383-2771-1640,Tue Apr 22 2025 00:00:00 GMT+0900 (Japan Standard Time),,,true,true
true,在庫0419_1,ヤフオク,Switch 本体のみ,14740,Mon Apr 21 2025 00:00:00 GMT+0900 (Japan Standard Time),4383-3335-6532,Tue Apr 22 2025 00:00:00 GMT+0900 (Japan Standard Time),,,true,true
true,在庫0424_3,ヤフオク,Switch 本体のみ,13640,Fri Apr 25 2025 00:00:00 GMT+0900 (Japan Standard Time),4383-9037-8554,Mon Apr 28 2025 00:00:00 GMT+0900 (Japan Standard Time),,,true,false
true,在庫0424_4,ヤフオク,Switch 有機 本体のみ,20240,Fri Apr 25 2025 00:00:00 GMT+0900 (Japan Standard Time),4383-9037-7202,Mon Apr 28 2025 00:00:00 GMT+0900 (Japan Standard Time),,,true,true
true,在庫0425_5,ヤフオク,Switch 本体のみ,13641,Sat Apr 26 2025 00:00:00 GMT+0900 (Japan Standard Time),4383-9220-7654,Mon Apr 28 2025 00:00:00 GMT+0900 (Japan Standard Time),,,true,false
true,在庫0427_9,ヤフオク,Switch 本体のみ,13272,Mon Apr 28 2025 00:00:00 GMT+0900 (Japan Standard Time),4384-0323-3450,棚卸し,,,true,false
true,在庫0428_3,ヤフオク,Switch 未対策 本体のみ ,14030,Tue Apr 29 2025 00:00:00 GMT+0900 (Japan Standard Time),626148961255,Thu May 01 2025 00:00:00 GMT+0900 (Japan Standard Time),,,true,false
true,在庫0428_8,ヤフオク,Switch 未対策 本体のみ ,13700,Thu May 01 2025 00:00:00 GMT+0900 (Japan Standard Time),4384-2556-7860,Fri May 02 2025 00:00:00 GMT+0900 (Japan Standard Time),,,true,false
true,在庫0428_9,ヤフオク,Switch 有機 本体のみ,19140,Thu May 01 2025 00:00:00 GMT+0900 (Japan Standard Time),4384-2556-7845,Fri May 02 2025 00:00:00 GMT+0900 (Japan Standard Time),,,true,true
true,在庫0428_11,ヤフオク,Switch 未対策 本体のみ ,13700,Thu May 01 2025 00:00:00 GMT+0900 (Japan Standard Time),4384-2556-7856,Fri May 02 2025 00:00:00 GMT+0900 (Japan Standard Time),,,true,true
true,在庫0429_10,ヤフオク,Switch 有機 本体のみ,16940,Thu May 01 2025 00:00:00 GMT+0900 (Japan Standard Time),4384-2556-7311,Fri May 02 2025 00:00:00 GMT+0900 (Japan Standard Time),,,true,true
true,在庫0429_11,ヤフオク,Switch 有機 本体のみ,19141,Thu May 01 2025 00:00:00 GMT+0900 (Japan Standard Time),4384-2556-7543,Fri May 02 2025 00:00:00 GMT+0900 (Japan Standard Time),,,true,true
true,在庫0501_4,ヤフオク,Switch 本体のみ,13641,Fri May 02 2025 00:00:00 GMT+0900 (Japan Standard Time),4384-3675-2736,Mon May 05 2025 00:00:00 GMT+0900 (Japan Standard Time),,,true,false
true,在庫0501_5,ヤフオク,Switch 本体のみ,13225,Fri May 02 2025 00:00:00 GMT+0900 (Japan Standard Time),4384-3675-2725,Mon May 05 2025 00:00:00 GMT+0900 (Japan Standard Time),,,true,false